character,characterSymbol,characterName,escapeSequence,controlEscapeSequence,characterUse,impactedByCaseInsensitiveOrder,characterForCaseInsensitiveOrder_UTF8_base16,impactedByAccentInsensitiveOrder,characterForAccentInsensitiveOrder_UTF8_base16,isUnicodeCharacterSet,UTF16_base10,UTF16_base16,uPlus4HexDigits,UTF8_base10,UTF8_base16,UTF8_base16_Byte1,UTF8_Byte1_in_CP1252_base16,UTF8_base16_Byte2,UTF8_Byte2_in_CP1252_base16,UTF8_base16_Byte3,UTF8_Byte3_in_CP1252_base16,UTF8_base16_Byte4,UTF8_Byte4_in_CP1252_base16,UTF8_base16_ByteCount,unicodeDecimalNumberBadConvert,UTF8_to_UTF16_base16_decomp,UTF8_to_CP1252_base16_decomp,UTF8_to_CP1252_base16_decomp_addsChar,similarCharacter_UTF8_base10,isAsciiCharacterSet,ASCII_base10,asciiIndexNotAssigned,ASCII_base8,ASCII_base16,ASCII_base2,isCP1252CharacterSet,CP1252_base10,cp1252IndexNotAssigned,CP1252_base16,CP1252_in_UTF8_base16,isISO_8859_1CharacterSet,ISO_8859_1_base10,ISO_8859_1_base16,isEBCDICCharacterSet,EBCDIC_base10,EBCDIC_base16,isHTMLCharacterSet,HTML_base10,HTML_base16,HTML_name,printLength,isMirrored,isLetter,isLowerCaseLetter,isLetterModifier,isNumber,isPunctuation,isSymbol,isMathSymbol,isPrintable,isControl,isEnglish,isChinese,isCurrency,isWhiteSpace,isAsciiHexInUnicodeUTF8Bytes,isCP1252HexInUnicodeUTF8Bytes,isCP1252HexInUnicodeUTF8Byte1,isCP1252HexInUnicodeUTF8Byte2,isCP1252HexInUnicodeUTF8Byte3,isCP1252HexInUnicodeUTF8Byte4,isUTF8_UTF16_equal,IsIndexMatchForCharacter,descLink,imgLink,keyboardKeys
"",CCH,Cancel Character,,,,,,,,,,,,,,,,,,,,,,,,,,,,,,,,,,,,,,,,,,,,,,,,,,,,,,,,,,,,,,,,,,,,,,,,,https://www.fileformat.info/info/unicode/char/0094/index.htm,
"	",HT,Horizontal Tab;character tabulation,\t,,Moves the printing position right to the next tab stop.,,,,,1,9,0x09,,9,   ,,0,,0,,0,,0,3,,,,0,,1,9,,11,0x09,1001,1,9,,0x09,0,,,,,,,1,&#009;,,,> 0,,0,,,0,0,,,0,1,,,,1,0,0,0,0,0,0,,Unicode;ASCII;CP1252,,https://www.fileformat.info/info/unicode/char/9/index.htm,
"
",LF,"Line Feed; Newline; line ending; end of line, EOL, line break",\n,,"Move the print head down one line, or to the left edge and down. Use as the end of marker I most Unix systems and variants.",,,,,1,10,0x0A,,10,   ,,0,,0,,0,,0,3,,,,0,,1,10,,12,0x0A,1010,1,10,,0x0A,0,,,,,,,1,&#010;,,,0,,0,,,0,0,,,0,1,,,,0,0,0,0,0,0,0,,Unicode;ASCII;CP1252,,https://www.fileformat.info/info/unicode/char/000a/index.htm,
,VT,Vertical Tab; line tabulation,\v,,Vertical tabulation,,,,,1,11,0x0B,,11,   ,,0,,0,,0,,0,3,,,,0,,1,11,,13,0x0B,1011,1,11,,0x0B,0,,,,,,,1,&#011;,,,> 0,,0,,,0,0,,,0,1,,,,1,0,0,0,0,0,0,,Unicode;ASCII;CP1252,,https://www.fileformat.info/info/unicode/char/000b/index.htm,
,FF,Form Feed,\f,,Page breaking. It forces the printer to eject the current page and to continue printing a the top of the next page. ,,,,,1,12,0x0C,,12,   ,,0,,0,,0,,0,3,,,,0,,1,12,,14,0x0C,1100,1,12,,0x0C,0,,,,,,,1,&#012;,,,> 0,,0,,,0,0,,,0,1,,,,1,0,0,0,0,0,0,,Unicode;ASCII;CP1252,,http://www.fileformat.info/info/unicode/char/000C/index.htm,
"
",CR,Carriage Return,\r,,Moves the cursor to the beginning of the line without advancing to the next line. Used as a new line character in Commodore and early Macintosh operatig systems (Mac OS 9 and earlier),,,,,1,13,0x0d,,13,   ,,0,,0,,0,,0,3,,,,0,,1,13,,15,0x0D,1101,1,13,,0x0D,0,,,,,,,1,&#013;,,,0,,0,,,0,0,,,0,1,,,,0,0,0,0,0,0,0,,Unicode;ASCII;CP1252,,https://www.fileformat.info/info/unicode/char/000d/index.htm,
 ,,Space,\SP,,Common way to make space between characters,,,,,1,32,0x20,,32,   ,,0,,0,,0,,0,3,,,,0,,1,32,,40,0x20,100000,1,32,,0x20,0,,,,,,,,&#32;,,,> 0,,0,,,0,0,,,0,1,,,,1,0,0,0,0,0,0,,Unicode;ASCII;CP1252,,https://www.fileformat.info/info/unicode/char/0020/index.htm,
xxx,NEL,Next Line,,,,,,,,1,133,0x0085,,133,0xC2 0x85  ,0xC2,1,0x85,0,,0,,0,5,,,0xC2,0,,0,,,,,,0,,,,0,,,,,,,,,,,0,,,,,,,,,0,,,,,0,1,0,0,0,0,0,,,,https://www.fileformat.info/info/unicode/char/0020/index.htm,
,,NO-BREAK SPACE; Digit Zero; non-breaking space; non-breakable space; required space; hard space; fixed space,,,"A space character that prevents an automatic line break at its position. In some formats, including HTML, it also prevents consecutive whitespace characters from collapsing into a single space.",,,,,1,160,0xA0,,160,0xc2 0xa0  ,0xc2,1,0xa0,1,,0,,0,5,,,0xc2;0xa0,1,,0,,,,,,1,160,,0xA0,1,,,,,,,,,,,> 0,,0,,,0,0,0,,0,0,0,,,1,1,1,0,1,1,0,,,,https://www.fileformat.info/info/unicode/char/00a0/index.htm,
 ,,ogham space mark,,,,,,,,1,5760,0x1680,,5760,0xE1 0x9A 0x80 ,0xE1,0,0x9A,1,0x80,0,,0,6,,,;0x9A,0,,0,,,,,,0,,,,0,,,,,,,,,,,> 0,,,,,,,,,0,,,,,1,1,0,0,0,0,0,,,,https://www.fileformat.info/info/unicode/char/1680/index.htm,
 ,,en quad,,,,,,,,1,8192,0x2000,,8192,0xE2 0x80 0x80 ,0xE2,1,0x80,0,0x80,0,,0,6,,,0xE2,0,,0,,,,,,0,,,,0,,,,,,,,,,,> 0,,,,,,,,,0,,,,,1,1,0,0,0,0,0,,,,https://www.fileformat.info/info/unicode/char/2000/index.htm,
 ,,em quad,,,,,,,,1,8193,0x2001,,8193,0xE2 0x80 0x81 ,0xE2,1,0x80,0,0x81,0,,0,6,,,0xE2,0,,0,,,,,,0,,,,0,,,,,,,,,,,> 0,,,,,,,,,0,,,,,1,1,0,0,0,0,0,,,,https://www.fileformat.info/info/unicode/char/2001/index.htm,
,,en space,,,,,,,,1,8194,0x2002,,8194,0xE2 0x80 0x80 ,0xE2,1,0x80,0,0x80,0,,0,6,,,0xE2,0,,0,,,,,,0,,,,0,,,,,,,,,,,> 0,,,,,,,,,0,,,,,1,1,0,0,0,0,0,,,,https://www.fileformat.info/info/unicode/char/2002/index.htm,
,,em space,,,,,,,,1,8195,0x2003,,8195,0xE2 0x80 0x83 ,0xE2,1,0x80,0,0x83,1,,0,6,,,0xE2;0x83,1,,0,,,,,,0,,,,0,,,,,,,,,,,> 0,,,,,,,,,0,,,,,1,1,0,0,0,0,0,,,,https://www.fileformat.info/info/unicode/char/2003/index.htm,
,,three-per-em space,,,,,,,,1,8196,0x2004,,8196,0xE2 0x80 0x84 ,0xE2,1,0x80,0,0x84,0,,0,6,,,0xE2,0,,0,,,,,,0,,,,0,,,,,,,,,,,> 0,,,,,,,,,0,,,,,1,1,0,0,0,0,0,,,,https://www.fileformat.info/info/unicode/char/2004/index.htm,
,,four-per-em space,,,,,,,,1,8197,0x2005,,8197,0xE2 0x80 0x85 ,0xE2,1,0x80,0,0x85,0,,0,6,,,0xE2,0,,0,,,,,,0,,,,0,,,,,,,,,,,> 0,,,,,,,,,0,,,,,1,1,0,0,0,0,0,,,,https://www.fileformat.info/info/unicode/char/2005/index.htm,
,,six-per-em space,,,,,,,,1,8198,0x2006,,8198,0xE2 0x80 0x86 ,0xE2,1,0x80,0,0x86,0,,0,6,,,0xE2,0,,0,,,,,,0,,,,0,,,,,,,,,,,> 0,,,,,,,,,0,,,,,1,1,0,0,0,0,0,,,,https://www.fileformat.info/info/unicode/char/2006/index.htm,
xxx,,Figure Space,,,Produces a space equal to the figure (0–9) characters.,,,,,1,8199,0x2007,,8199,0xE2 0x80 0x87 ,0xE2,1,0x80,0,0x87,0,,0,6,,,0xE2,0,,0,,,,,,0,,,,0,,,,,,,,,,,> 0,,,,,,,,,0,0,,,,1,1,0,0,0,0,0,,,,https://www.fileformat.info/info/unicode/char/2007/index.htm,
,,punctuation space,,,,,,,,1,8200,0x2008,,8200,0xE2 0x80 0x88 ,0xE2,1,0x80,0,0x88,0,,0,6,,,0xE2,0,,0,,,,,,0,,,,0,,,,,,,,,,,> 0,,,,,,,,,0,,,,,1,1,0,0,0,0,0,,,,https://www.fileformat.info/info/unicode/char/2008/index.htm,
,,thin space,,,,,,,,1,8201,0x2009,,8201,0xE2 0x80 0x89 ,0xE2,1,0x80,0,0x89,0,,0,6,,,0xE2,0,,0,,,,,,0,,,,0,,,,,,,,,,,> 0,,,,,,,,,0,,,,,1,1,0,0,0,0,0,,,,https://www.fileformat.info/info/unicode/char/2009/index.htm,
,,hair space,,,,,,,,1,8202,0x200A,,8202,0xE2 0x80 0x8A ,0xE2,1,0x80,0,0x8A,1,,0,6,,,0xE2;0x8A,1,,0,,,,,,0,,,,0,,,,,,,,,,,> 0,,,,,,,,,0,,,,,1,1,0,0,0,0,0,,,,https://www.fileformat.info/info/unicode/char/200A/index.htm,
,,line separator,,,,,,,,1,8232,0x2028,,8232,0xE2 0x80 0xA8 ,0xE2,1,0x80,0,0xA8,1,,0,6,,,0xE2;0xA8,1,,0,,,,,,0,,,,0,,,,,,,,,,,> 0,,,,,,,,,0,,,,,1,1,0,0,0,0,0,,,,https://www.fileformat.info/info/unicode/char/2028/index.htm,
,,paragraph separator,,,,,,,,1,8233,0x2029,,8233,0xE2 0x80 0xA9 ,0xE2,1,0x80,0,0xA9,1,,0,6,,,0xE2;0xA9,1,,0,,,,,,0,,,,0,,,,,,,,,,,0,,,,,,,,,0,,,,,0,1,0,0,0,0,0,,,,https://www.fileformat.info/info/unicode/char/2029/index.htm,
xxx,,NARROW NO-BREAK SPACE,,,,,,,,1,8239,0x202F,,8239,0xE2 0x80 0xAF ,0xE2,1,0x80,0,0xAF,1,,0,6,,,0xE2;0xAF,1,,0,,,,,,0,,,,0,,,,,,,,,,,> 0,,,,,,,,,0,0,,,,1,1,0,0,0,0,0,,,,https://www.fileformat.info/info/unicode/char/202F/index.htm,
,,medium mathematical space,,,,,,,,1,8287,0x205F,,8287,0xE2 0x81 0x9F ,0xE2,1,0x81,0,0x9F,1,,0,6,,,0xE2;0x9F,1,,0,,,,,,0,,,,0,,,,,,,,,,,> 0,,,,,,,,,0,,,,,1,1,0,0,0,0,0,,,,https://www.fileformat.info/info/unicode/char/205F/index.htm,
　,,ideographic space,,,,,,,,1,12288,0x3000,,12288,0xE3 0x80 0x80 ,0xE3,0,0x80,0,0x80,0,,0,6,,,,0,,0,,,,,,0,,,,0,,,,,,,,,,,> 0,,,,,,,,,0,,,,,1,1,0,0,0,0,0,,,,https://www.fileformat.info/info/unicode/char/3000/index.htm,
,SOH,Start of Heading,\SOH,,,,,,,1,1,0x01   ,,,0x01   ,0x01,1,,0,,0,,0,4,,,0x01,0,,1,1,,1,0x01,1,1,1,,0x01,1,,,,,,,1,&#001;,&#x1;,,,,0,,,0,0,,,0,1,,,,0,1,1,1,0,0,0,,Unicode;ASCII;CP1252,,https://www.fileformat.info/info/unicode/char/0001/index.htm,
,,,,,,,,,,0,65534,,,,,,,,,,,,,,,,,,,,,,,,,,,,,,,,,,,,,,,,,,,,,,,,,,,,,,0,,,,,,,,,,,
,STX,Start of Text,\STX,,,,,,,1,2,0x02   ,,,0x02   ,0x02,1,,0,,0,,0,4,,,0x02,0,,1,2,,2,0x02,10,1,2,,0x02,1,,,,,,,1,&#002;,&#x2;,,,,0,,,0,0,,,0,1,,,,0,1,1,1,0,0,0,,Unicode;ASCII;CP1252,,https://www.fileformat.info/info/unicode/char/0002/index.htm,
,ETX,End of Text,\ETX,,,,,,,1,3,0x03   ,,,0x03   ,0x03,1,,0,,0,,0,4,,,0x03,0,,1,3,,3,0x03,11,1,3,,0x03,1,,,,,,,1,&#003;,&#x3;,,,,0,,,0,0,,,0,1,,,,0,1,1,1,0,0,0,,Unicode;ASCII;CP1252,,https://www.fileformat.info/info/unicode/char/0003/index.htm,
,EOT,End of Transmission,\EOT,,,,,,,1,4,0x04   ,,,0x04   ,0x04,1,,0,,0,,0,4,,,0x04,0,,1,4,,4,0x04,100,1,4,,0x04,1,,,,,,,1,&#004;,&#x4;,,,,0,,,0,0,,,0,1,,,,0,1,1,1,0,0,0,,Unicode;ASCII;CP1252,,https://www.fileformat.info/info/unicode/char/0004/index.htm,
,ENQ,Enquiry,\ENQ,,,,,,,1,5,0x05   ,,,0x05   ,0x05,1,,0,,0,,0,4,,,0x05,0,,1,5,,5,0x05,101,1,5,,0x05,1,,,,,,,1,&#005;,&#x5;,,,,0,,,0,0,,,0,1,,,,0,1,1,1,0,0,0,,Unicode;ASCII;CP1252,,https://www.fileformat.info/info/unicode/char/0005/index.htm,
,ACK,Acknowledgment,\ACK,,,,,,,1,6,0x06   ,U+0006,,0x06   ,0x06,1,,0,,0,,0,4,,,0x06,0,,1,6,,6,0x06,110,1,6,,0x06,1,,,,,,,1,&#006;,&#x6;,,,,0,,,0,0,,,0,1,,,,0,1,1,1,0,0,0,,Unicode;ASCII;CP1252,,https://www.fileformat.info/info/unicode/char/0006/index.htm,
,BEL,Bell; alert,\a,,May cause device to emit a warning such as bell sound or screen flashing.,,,,,1,7,0x07   ,U+0007,,0x07   ,0x07,1,,0,,0,,0,4,,,0x07,0,,1,7,,7,0x07,111,1,7,,0x07,1,,,,,,,1,&#007;,,,,,0,,,0,0,,,0,1,,,,0,1,1,1,0,0,0,,Unicode;ASCII;CP1252,,https://www.fileformat.info/info/unicode/char/0007/index.htm,
,BS,Back Space,\b,,,,,,,1,8,0x08,,,   ,,0,,0,,0,,0,3,,,,0,,1,8,,10,0x08,1000,1,8,,0x08,0,,,,,,,1,&#008;,,,,,0,,,0,0,,,0,1,,,,0,0,0,0,0,0,0,,Unicode;ASCII;CP1252,,https://www.fileformat.info/info/unicode/char/8/index.htm,
,SO,Shift Out / X-On,\so,,,,,,,1,14,,,,   ,,0,,0,,0,,0,3,,,,0,,1,14,,16,0x0E,1110,1,14,,0x0E,0,,,,,,,1,&#014;,,,,,0,,,0,0,,,0,1,,,,0,0,0,0,0,0,0,,Unicode;ASCII;CP1252,,https://www.fileformat.info/info/unicode/char/000e/index.htm,
,SI,Shift In / X-Off,\si,,,,,,,1,15,,,,   ,,0,,0,,0,,0,3,,,,0,,1,15,,17,0x0F,1111,1,15,,0x0F,0,,,,,,,1,&#015;,,,,,0,,,0,0,,,0,1,,,,0,0,0,0,0,0,0,,Unicode;ASCII;CP1252,,https://www.fileformat.info/info/unicode/char/000f/index.htm,
,DLE,Data Line Escape; Data Link Escape,\DLE,,,,,,,1,16,,,,   ,,0,,0,,0,,0,3,,,,0,,1,16,,20,0x10,10000,1,16,,0x10,0,,,,,,,1,&#016;,,,,,0,,,0,0,,,0,1,,,,0,0,0,0,0,0,0,,Unicode;ASCII;CP1252,,https://www.fileformat.info/info/unicode/char/10/index.htm,
,DC1,Device Control 1 (oft. XON),,,,,,,,1,17,,,,   ,,0,,0,,0,,0,3,,,,0,,1,17,,21,0x11,10001,1,17,,0x11,0,,,,,,,1,&#017;,,,,,0,,,0,0,,,0,1,,,,0,0,0,0,0,0,0,,Unicode;ASCII;CP1252,,https://www.fileformat.info/info/unicode/char/11/index.htm,
,DC2,Device Control 2,,,,,,,,1,18,,,,   ,,0,,0,,0,,0,3,,,,0,,1,18,,22,0x12,10010,1,18,,0x12,0,,,,,,,1,&#018;,,,,,0,,,0,0,,,0,1,,,,0,0,0,0,0,0,0,,Unicode;ASCII;CP1252,,https://www.fileformat.info/info/unicode/char/12/index.htm,
,DC3,Device Control 3 (oft. XOFF),,,,,,,,1,19,,,,   ,,0,,0,,0,,0,3,,,,0,,1,19,,23,0x13,10011,1,19,,0x13,0,,,,,,,1,&#019;,,,,,0,,,0,0,,,0,1,,,,0,0,0,0,0,0,0,,Unicode;ASCII;CP1252,,https://www.fileformat.info/info/unicode/char/13/index.htm,
,DC4,Device Control 4,,,,,,,,1,20,,,,   ,,0,,0,,0,,0,3,,,,0,,1,20,,24,0x14,10100,1,20,,0x14,0,,,,,,,1,&#020;,,,,,0,,,0,0,,,0,1,,,,0,0,0,0,0,0,0,,Unicode;ASCII;CP1252,,https://www.fileformat.info/info/unicode/char/14/index.htm,
,NAK,Negative Acknowledgement; Negative Acknowledge,,,,,,,,1,21,,,,   ,,0,,0,,0,,0,3,,,,0,,1,21,,25,0x15,10101,1,21,,0x15,0,,,,,,,1,&#021;,,,,,0,,,0,0,,,0,1,,,,0,0,0,0,0,0,0,,Unicode;ASCII;CP1252,,https://www.fileformat.info/info/unicode/char/15/index.htm,
,SYN,Synchronous Idle,,,,,,,,1,22,,,,   ,,0,,0,,0,,0,3,,,,0,,1,22,,26,0x16,10110,1,22,,0x16,0,,,,,,,1,&#022;,,,,,0,,,0,0,,,0,1,,,,0,0,0,0,0,0,0,,Unicode;ASCII;CP1252,,http://www.fileformat.info/info/unicode/char/16/index.htm,
,ETB,End of Transmit Block; End of Transmission Block,,,,,,,,1,23,,,,   ,,0,,0,,0,,0,3,,,,0,,1,23,,27,0x17,10111,1,23,,0x17,0,,,,,,,1,&#023;,,,,,0,,,0,0,,,0,1,,,,0,0,0,0,0,0,0,,Unicode;ASCII;CP1252,,http://www.fileformat.info/info/unicode/char/17/index.htm,
,CAN,Cancel,,,,,,,,1,24,,,,   ,,0,,0,,0,,0,3,,,,0,,1,24,,30,0x18,11000,1,24,,0x18,0,,,,,,,1,&#024;,,,,,0,,,0,0,,,0,1,,,,0,0,0,0,0,0,0,,Unicode;ASCII;CP1252,,http://www.fileformat.info/info/unicode/char/18/index.htm,
,EM,End of Medium,,,,,,,,1,25,,,,   ,,0,,0,,0,,0,3,,,,0,,1,25,,31,0x19,11001,1,25,,0x19,0,,,,,,,1,&#025;,,,,,0,,,0,0,,,0,1,,,,0,0,0,0,0,0,0,,Unicode;ASCII;CP1252,,http://www.fileformat.info/info/unicode/char/19/index.htm,
,SUB,Substitute,,,,,,,,1,26,,,,   ,,0,,0,,0,,0,3,,,,0,,1,26,,32,0x1A,11010,1,26,,0x1A,0,,,,,,,1,&#026;,,,,,0,,,0,0,,,0,1,,,,0,0,0,0,0,0,0,,Unicode;ASCII;CP1252,,https://www.fileformat.info/info/unicode/char/001a/index.htm,
,ESC,Escape,,\^[,,,,,,1,27,,,,   ,,0,,0,,0,,0,3,,,,0,,1,27,,33,0x1B,11011,1,27,,0x1B,0,,,,,,,1,&#027;,,,,,0,,,0,0,,,0,1,,,,0,0,0,0,0,0,0,,Unicode;ASCII;CP1252,,https://www.fileformat.info/info/unicode/char/001b/index.htm,
,FS,File Separator,,\^\,,,,,,1,28,,,,   ,,0,,0,,0,,0,3,,,,0,,1,28,,34,0x1C,11100,1,28,,0x1C,0,,,,,,,1,&#028;,,,,,0,,,0,0,,,0,1,,,,0,0,0,0,0,0,0,,Unicode;ASCII;CP1252,,https://www.fileformat.info/info/unicode/char/001c/index.htm,
,GS,Group Separator; INFORMATION SEPARATOR THREE,,\^],,,,,,1,29,,,,   ,,0,,0,,0,,0,3,,,,0,,1,29,,35,0x1D,11101,1,29,,0x1D,0,,,,,,,,&#029;,,,,,0,,,0,0,,,0,1,,,,0,0,0,0,0,0,0,,Unicode;ASCII;CP1252,,https://www.fileformat.info/info/unicode/char/001d/index.htm,
,RS,Record Separator; INFORMATION SEPARATOR TWO,\036,\^^,,,,,,1,30,,,,   ,,0,,0,,0,,0,3,,,,0,,1,30,,36,0x1E,11110,1,30,,0x1E,0,,,,,,,,&#030;,,,,,0,,,0,0,,,0,1,,,,0,0,0,0,0,0,0,,Unicode;ASCII;CP1252,,https://www.fileformat.info/info/unicode/char/001e/index.htm,
,US,Unit Separator; INFORMATION SEPARATOR ONE,,\^_,,,,,,1,31,,,,   ,,0,,0,,0,,0,3,,,,0,,1,31,,37,0x1F,11111,1,31,,0x1F,0,,,,,,,,&#031;,,,,,0,,,0,0,,,0,1,,,,0,0,0,0,0,0,0,,Unicode;ASCII;CP1252,,https://www.fileformat.info/info/unicode/char/001f/index.htm,
!,!,Exclamation mark,,,,,,,,1,33,,,,0x21   ,0x21,1,,0,,0,,0,4,,,0x21,0,,1,33,,41,0x21,100001,1,33,,0x21,1,,,,,,,,&#33;,,,,,0,,,0,1,,,1,0,,,,0,1,1,1,0,0,0,,Unicode;ASCII;CP1252,,https://www.fileformat.info/info/unicode/char/0021/index.htm,
"""","""",Double quotes (or speech marks); neutral quotation mark,,,,,,,,1,34,,,,0x22   ,0x22,1,,0,,0,,0,4,,,0x22,0,,1,34,,42,0x22,100010,1,34,,0x22,1,,,,,,,,&#34;,,,,,0,,,0,1,,,1,0,,,,0,1,1,1,0,0,0,,Unicode;ASCII;CP1252,,https://www.fileformat.info/info/unicode/char/0022/index.htm,
#,#,Number sign; hash; pound sign; Octothorpe; crosshatch,,,,,,,,1,35,,,,0x23   ,0x23,1,,0,,0,,0,4,,,0x23,0,,1,35,,43,0x23,100011,1,35,,0x23,1,,,,,,,,&#35;,,,,,0,,,0,1,,,1,0,,,,0,1,1,1,0,0,0,,Unicode;ASCII;CP1252,https://en.wikipedia.org/wiki/Number_sign,https://www.fileformat.info/info/unicode/char/0023/index.htm,
$,$,Dollar Sign; Milreis; Escudo,,,,,,,,1,36,,,,0x24   ,0x24,1,,0,,0,,0,4,,,0x24,0,,1,36,,44,0x24,100100,1,36,,0x24,1,,,,,,,,&#36;,,,,,0,,,0,0,,,1,0,,,,0,1,1,1,0,0,0,,Unicode;ASCII;CP1252,,https://www.fileformat.info/info/unicode/char/0024/index.htm,
%,%,Procenttecken; Percent Sign,,,,,,,,1,37,,,,0x25   ,0x25,1,,0,,0,,0,4,,,0x25,0,,1,37,,45,0x25,100101,1,37,,0x25,1,,,,,,,,&#37;,,,,,0,,,0,1,,,1,0,,,,0,1,1,1,0,0,0,,Unicode;ASCII;CP1252,https://en.wikipedia.org/wiki/Percent_sign,https://www.fileformat.info/info/unicode/char/0025/index.htm,
&,&,Ampersand,,,,,,,,1,38,,,,0x26   ,0x26,1,,0,,0,,0,4,,,0x26,0,,1,38,,46,0x26,100110,1,38,,0x26,1,,,,,,,,&#38;,,,,,0,,,0,1,,,1,0,,,,0,1,1,1,0,0,0,,Unicode;ASCII;CP1252,https://en.wikipedia.org/wiki/Ampersand,https://www.fileformat.info/info/unicode/char/0026/index.htm,
',',Single quote; Apostrophe,,,,,,,,1,39,0x27,,,0x27   ,0x27,1,,0,,0,,0,4,,,0x27,0,,1,39,,47,0x27,100111,1,39,,0x27,1,,,,,,,,&#39;,,,,,0,,,0,1,,,1,0,,,,0,1,1,1,0,0,0,,Unicode;ASCII;CP1252,,https://www.fileformat.info/info/unicode/char/0027/index.htm,
(,(,Open parenthesis (or open bracket); Left Parenthesis,,,,,,,,1,40,0x28,,,0x28   ,0x28,1,,0,,0,,0,4,,,0x28,0,,1,40,,50,0x28,101000,1,40,,0x28,1,,,,,,,,&#40;,,,,,0,,,0,1,,,1,0,,,,0,1,1,1,0,0,0,,Unicode;ASCII;CP1252,,https://www.fileformat.info/info/unicode/char/0028/index.htm,
),),Close parenthesis (or close bracket); Right Parenthesis,,,,,,,,1,41,0x29,,,0x29   ,0x29,1,,0,,0,,0,4,,,0x29,0,,1,41,,51,0x29,101001,1,41,,0x29,1,,,,,,,,&#41;,,,,,0,,,0,1,,,1,0,,,,0,1,1,1,0,0,0,,Unicode;ASCII;CP1252,,https://www.fileformat.info/info/unicode/char/0029/index.htm,
*,*,Asterisk,,,,,,,,1,42,0x2A,,,0x21   ,0x21,1,,0,,0,,0,4,,,0x21,0,,1,42,,52,0x2A,101010,1,42,,0x2A,0,,,,,,,,&#42;,,,,,0,,,0,1,,,1,0,,,,0,0,0,0,0,0,0,,Unicode;ASCII;CP1252,,https://www.fileformat.info/info/unicode/char/002A/index.htm,
+,+,Plus,,,,,,,,1,43,0x2B,,,0x2b   ,0x2b,1,,0,,0,,0,4,,,0x2b,0,,1,43,,53,0x2B,101011,1,43,,0x2B,1,,,,,,,,&#43;,,,,,0,,,0,0,,,1,0,,,,0,0,1,1,0,0,0,,Unicode;ASCII;CP1252,,https://www.fileformat.info/info/unicode/char/002B/index.htm,
",",",",Comma,,,,,,,,1,44,0x2C,,,0x2c   ,0x2c,1,,0,,0,,0,4,,,0x2c,0,,1,44,,54,0x2C,101100,1,44,,0x2C,1,,,,,,,,&#44;,,,,,0,,,0,1,,,1,0,,,,0,0,1,1,0,0,0,,Unicode;ASCII;CP1252,,https://www.fileformat.info/info/unicode/char/002C/index.htm,
-,-,Hyphen; Minus; minus sign; Dash,,,,,,,,1,45,0x2D,,,0x2d   ,0x2d,1,,0,,0,,0,4,,,0x2d,0,,1,45,,55,0x2D,101101,1,45,,0x2D,1,,,,,,,,&#45;,,,,,0,,,0,1,,,1,0,,,,0,0,1,1,0,0,0,,Unicode;ASCII;CP1252,,https://www.fileformat.info/info/unicode/char/002D/index.htm,
.,.,Period; dot; full stop; decimal point,,,3 used to make an ellipse; End of sentence,,,,,1,46,0x2E,,,0x2e   ,0x2e,1,,0,,0,,0,4,,,0x2e,0,,1,46,,56,0x2E,101110,1,46,,0x2E,1,,,,,,,,&#46;,,,,,0,,,0,1,,,1,0,,,,0,0,1,1,0,0,0,,Unicode;ASCII;CP1252,https://en.wikipedia.org/wiki/Full_stop,https://www.fileformat.info/info/unicode/char/002e/index.htm,
/,/,Slash; divide; Solidus; oblique stroke; virgule,,,,,,,,1,47,0x2F,,,0x2f   ,0x2f,1,,0,,0,,0,4,,,0x2f,0,,1,47,,57,0x2F,101111,1,47,,0x2F,1,,,,,,,,&#47;,,,,,0,,,0,1,,,1,0,,,,0,0,1,1,0,0,0,,Unicode;ASCII;CP1252,https://en.wikipedia.org/wiki/Slash_(punctuation),https://www.fileformat.info/info/unicode/char/002f/index.htm,
0,0,Zero,,,,,,,,1,48,0x30,,,0x30   ,0x30,1,,0,,0,,0,4,,,0x30,0,,1,48,,60,0x30,110000,1,48,,0x30,1,,,,,,,,&#48;,,,,,0,,,1,0,,,1,0,,,,0,1,1,1,0,0,0,,Unicode;ASCII;CP1252,,https://www.fileformat.info/info/unicode/char/0030/index.htm,
1,1,One,,,,,,,,1,49,0x31,,,0x31   ,0x31,1,,0,,0,,0,4,,,0x31,0,,1,49,,61,0x31,110001,1,49,,0x31,1,,,,,,,,&#49;,,,,,0,,,1,0,,,1,0,,,,0,1,1,1,0,0,0,,Unicode;ASCII;CP1252,,https://www.fileformat.info/info/unicode/char/0031/index.htm,
2,2,Two,,,,,,,,1,50,0x32,,,0x32   ,0x32,1,,0,,0,,0,4,,,0x32,0,,1,50,,62,0x32,110010,1,50,,0x32,1,,,,,,,,&#50;,,,,,0,,,1,0,,,1,0,,,,0,1,1,1,0,0,0,,Unicode;ASCII;CP1252,,https://www.fileformat.info/info/unicode/char/0032/index.htm,
3,3,Three,,,,,,,,1,51,0x33,,,0x33   ,0x33,1,,0,,0,,0,4,,,0x33,0,,1,51,,63,0x33,110011,1,51,,0x33,1,,,,,,,,&#51;,,,,,0,,,1,0,,,1,0,,,,0,1,1,1,0,0,0,,Unicode;ASCII;CP1252,,https://www.fileformat.info/info/unicode/char/0033/index.htm,
4,4,Four,,,,,,,,1,52,0x34,,,0x34   ,0x34,1,,0,,0,,0,4,,,0x34,0,,1,52,,64,0x34,110100,1,52,,0x34,1,,,,,,,,&#52;,,,,,0,,,1,0,,,1,0,,,,0,1,1,1,0,0,0,,Unicode;ASCII;CP1252,,https://www.fileformat.info/info/unicode/char/0034/index.htm,
5,5,Five,,,,,,,,1,53,0x35,,,0x35   ,0x35,1,,0,,0,,0,4,,,0x35,0,,1,53,,65,0x35,110101,1,53,,0x35,1,,,,,,,,&#53;,,,,,0,,,1,0,,,1,0,,,,0,1,1,1,0,0,0,,Unicode;ASCII;CP1252,,https://www.fileformat.info/info/unicode/char/0035/index.htm,
6,6,Six,,,,,,,,1,54,0x36,,,0x36   ,0x36,1,,0,,0,,0,4,,,0x36,0,,1,54,,66,0x36,110110,1,54,,0x36,1,,,,,,,,&#54;,,,,,0,,,1,0,,,1,0,,,,0,1,1,1,0,0,0,,Unicode;ASCII;CP1252,,https://www.fileformat.info/info/unicode/char/0036/index.htm,
7,7,Seven,,,,,,,,1,55,0x37,,,0x37   ,0x37,1,,0,,0,,0,4,,,0x37,0,,1,55,,67,0x37,110111,1,55,,0x37,1,,,,,,,,&#55;,,,,,0,,,1,0,,,1,0,,,,0,1,1,1,0,0,0,,Unicode;ASCII;CP1252,,https://www.fileformat.info/info/unicode/char/0037/index.htm,
8,8,Eight,,,,,,,,1,56,0x38,,,0x38   ,0x38,1,,0,,0,,0,4,,,0x38,0,,1,56,,70,0x38,111000,1,56,,0x38,1,,,,,,,,&#56;,,,,,0,,,1,0,,,1,0,,,,0,1,1,1,0,0,0,,Unicode;ASCII;CP1252,,https://www.fileformat.info/info/unicode/char/0038/index.htm,
9,9,Nine,,,,,,,,1,57,0x39,,,0x39   ,0x39,1,,0,,0,,0,4,,,0x39,0,,1,57,,71,0x39,111001,1,57,,0x39,1,,,,,,,,&#57;,,,,,0,,,1,0,,,1,0,,,,0,1,1,1,0,0,0,,Unicode;ASCII;CP1252,,https://www.fileformat.info/info/unicode/char/0039/index.htm,
:,:,Colon,,,,,,,,1,58,0x3A,,,0x3a   ,0x3a,1,,0,,0,,0,4,,,0x3a,0,,1,58,,72,0x3A,111010,1,58,,0x3A,1,,,,,,,,&#58;,,,,,0,,,0,1,,,1,0,,,,0,0,1,1,0,0,0,,Unicode;ASCII;CP1252,https://en.wikipedia.org/wiki/Colon_(punctuation),https://www.fileformat.info/info/unicode/char/003A/index.htm,
;,;,Semicolon,,,,,,,,1,59,0x3B,,,0x3b   ,0x3b,1,,0,,0,,0,4,,,0x3b,0,,1,59,,73,0x3B,111011,1,59,,0x3B,1,,,,,,,,&#59;,,,,,0,,,0,1,,,1,0,,,,0,0,1,1,0,0,0,,Unicode;ASCII;CP1252,,https://www.fileformat.info/info/unicode/char/003B/index.htm,
<,<,Less than (or open angled bracket),,,,,,,,1,60,0x3C,,,0x3c   ,0x3c,1,,0,,0,,0,4,,,0x3c,0,,1,60,,74,0x3C,111100,1,60,,0x3C,1,,,,,,,,&#60;,,,,,0,,,0,0,,,1,0,,,,0,0,1,1,0,0,0,,Unicode;ASCII;CP1252,,https://www.fileformat.info/info/unicode/char/003C/index.htm,
=,=,Equals,,,,,,,,1,61,0x3D,,,0x3d   ,0x3d,1,,0,,0,,0,4,,,0x3d,0,,1,61,,75,0x3D,111101,1,61,,0x3D,1,,,,,,,,&#61;,,,,,0,,,0,0,,,1,0,,,,0,0,1,1,0,0,0,,Unicode;ASCII;CP1252,,https://www.fileformat.info/info/unicode/char/003D/index.htm,
>,>,Greater than (or close angled bracket),,,,,,,,1,62,0x3E,,,0x3e   ,0x3e,1,,0,,0,,0,4,,,0x3e,0,,1,62,,76,0x3E,111110,1,62,,0x3E,1,,,,,,,,&#62;,,,,,0,,,0,0,,,1,0,,,,0,0,1,1,0,0,0,,Unicode;ASCII;CP1252,,https://www.fileformat.info/info/unicode/char/003e/index.htm,
?,?,Question mark,,,,,,,,1,63,0x3F,,,0x21   ,0x21,1,,0,,0,,0,4,,,0x21,0,,1,63,,77,0x3F,111111,1,63,,0x3F,0,,,,,,,,&#63;,,,,,0,,,0,1,,,1,0,,,,0,0,0,0,0,0,0,,Unicode;ASCII;CP1252,https://en.wikipedia.org/wiki/Question_mark,https://www.fileformat.info/info/unicode/char/003f/index.htm,
@,@,At symbol; Commercial At,,,,,,,,1,64,0x40,,,0x40   ,0x40,1,,0,,0,,0,4,,,0x40,0,,1,64,,100,0x40,1000000,1,64,,0x40,1,,,,,,,,&#64;,,,,,0,,,0,1,,,1,0,,,,0,1,1,1,0,0,0,,Unicode;ASCII;CP1252,,https://www.fileformat.info/info/unicode/char/0040/index.htm,
A,A,Capital A,,,,1,,,,1,65,0x41,,,0x41   ,0x41,1,,0,,0,,0,4,,,0x41,0,,1,65,,101,0x41,1000001,1,65,,0x41,1,,,,,,,,&#65;,,,,,1,,,0,0,,,1,0,,,,0,1,1,1,0,0,0,,Unicode;ASCII;CP1252,,https://www.fileformat.info/info/unicode/char/0041/index.htm,
B,B,Uppercase B,,,,1,,,,1,66,0x42,,,0x42   ,0x42,1,,0,,0,,0,4,,,0x42,0,,1,66,,102,0x42,1000010,1,66,,0x42,1,,,,,,,,&#66;,,,,,1,,,0,0,,,1,0,,,,0,1,1,1,0,0,0,,Unicode;ASCII;CP1252,,https://www.fileformat.info/info/unicode/char/0042/index.htm,
C,C,Uppercase C,,,,1,,,,1,67,0x43,,,0x43   ,0x43,1,,0,,0,,0,4,,,0x43,0,,1,67,,103,0x43,1000011,1,67,,0x43,1,,,,,,,,&#67;,,,,,1,,,0,0,,,1,0,,,,0,1,1,1,0,0,0,,Unicode;ASCII;CP1252,,https://www.fileformat.info/info/unicode/char/0043/index.htm,
D,D,Uppercase D,,,,1,,,,1,68,0x44,,,0x44   ,0x44,1,,0,,0,,0,4,,,0x44,0,,1,68,,104,0x44,1000100,1,68,,0x44,1,,,,,,,,&#68;,,,,,1,,,0,0,,,1,0,,,,0,1,1,1,0,0,0,,Unicode;ASCII;CP1252,,https://www.fileformat.info/info/unicode/char/0044/index.htm,
E,E,Uppercase E,,,,1,,,,1,69,0x45,,,0x45   ,0x45,1,,0,,0,,0,4,,,0x45,0,,1,69,,105,0x45,1000101,1,69,,0x45,1,,,,,,,,&#69;,,,,,1,,,0,0,,,1,0,,,,0,1,1,1,0,0,0,,Unicode;ASCII;CP1252,,https://www.fileformat.info/info/unicode/char/0045/index.htm,
F,F,Uppercase F,,,,1,,,,1,70,0x46,,,0x46   ,0x46,1,,0,,0,,0,4,,,0x46,0,,1,70,,106,0x46,1000110,1,70,,0x46,1,,,,,,,,&#70;,,,,,1,,,0,0,,,1,0,,,,0,1,1,1,0,0,0,,Unicode;ASCII;CP1252,,https://www.fileformat.info/info/unicode/char/0046/index.htm,
G,G,Uppercase G,,,,1,,,,1,71,0x47,,,0x47   ,0x47,1,,0,,0,,0,4,,,0x47,0,,1,71,,107,0x47,1000111,1,71,,0x47,1,,,,,,,,&#71;,,,,,1,,,0,0,,,1,0,,,,0,1,1,1,0,0,0,,Unicode;ASCII;CP1252,,https://www.fileformat.info/info/unicode/char/0047/index.htm,
H,H,Uppercase H,,,,1,,,,1,72,0x48,,,0x48   ,0x48,1,,0,,0,,0,4,,,0x48,0,,1,72,,110,0x48,1001000,1,72,,0x48,1,,,,,,,,&#72;,,,,,1,,,0,0,,,1,0,,,,0,1,1,1,0,0,0,,Unicode;ASCII;CP1252,,https://www.fileformat.info/info/unicode/char/0048/index.htm,
I,I,Uppercase I,,,,1,,,,1,73,0x49,,,0x49   ,0x49,1,,0,,0,,0,4,,,0x49,0,,1,73,,111,0x49,1001001,1,73,,0x49,1,,,,,,,,&#73;,,,,,1,,,0,0,,,1,0,,,,0,1,1,1,0,0,0,,Unicode;ASCII;CP1252,,https://www.fileformat.info/info/unicode/char/0049/index.htm,
J,J,Uppercase J,,,,1,,,,1,74,0x4A,,,0x4a   ,0x4a,1,,0,,0,,0,4,,,0x4a,0,,1,74,,112,0x4A,1001010,1,74,,0x4A,1,,,,,,,,&#74;,,,,,1,,,0,0,,,1,0,,,,0,0,1,1,0,0,0,,Unicode;ASCII;CP1252,,https://www.fileformat.info/info/unicode/char/004A/index.htm,
K,K,Uppercase K,,,,1,,,,1,75,0x4B,,,0x4b   ,0x4b,1,,0,,0,,0,4,,,0x4b,0,,1,75,,113,0x4B,1001011,1,75,,0x4B,1,,,,,,,,&#75;,,,,,1,,,0,0,,,1,0,,,,0,0,1,1,0,0,0,,Unicode;ASCII;CP1252,,https://www.fileformat.info/info/unicode/char/004B/index.htm,
L,L,Uppercase L,,,,1,,,,1,76,0x4C,,,0x4c   ,0x4c,1,,0,,0,,0,4,,,0x4c,0,,1,76,,114,0x4C,1001100,1,76,,0x4C,1,,,,,,,,&#76;,,,,,1,,,0,0,,,1,0,,,,0,0,1,1,0,0,0,,Unicode;ASCII;CP1252,,https://www.fileformat.info/info/unicode/char/004C/index.htm,
M,M,Uppercase M,,,,1,,,,1,77,0x4D,,,0x4d   ,0x4d,1,,0,,0,,0,4,,,0x4d,0,,1,77,,115,0x4D,1001101,1,77,,0x4D,1,,,,,,,,&#77;,,,,,1,,,0,0,,,1,0,,,,0,0,1,1,0,0,0,,Unicode;ASCII;CP1252,,https://www.fileformat.info/info/unicode/char/004D/index.htm,
N,N,Uppercase N,,,,1,,,,1,78,0x4E,,,0x4e   ,0x4e,1,,0,,0,,0,4,,,0x4e,0,,1,78,,116,0x4E,1001110,1,78,,0x4E,1,,,,,,,,&#78;,,,,,1,,,0,0,,,1,0,,,,0,0,1,1,0,0,0,,Unicode;ASCII;CP1252,,https://www.fileformat.info/info/unicode/char/004E/index.htm,
O,O,Uppercase O,,,,1,,,,1,79,0x4F,,,0x4f   ,0x4f,1,,0,,0,,0,4,,,0x4f,0,,1,79,,117,0x4F,1001111,1,79,,0x4F,1,,,,,,,,&#79;,,,,,1,,,0,0,,,1,0,,,,0,0,1,1,0,0,0,,Unicode;ASCII;CP1252,,https://www.fileformat.info/info/unicode/char/004F/index.htm,
P,P,Uppercase P,,,,1,,,,1,80,0x50,,,0x50   ,0x50,1,,0,,0,,0,4,,,0x50,0,,1,80,,120,0x50,1010000,1,80,,0x50,1,,,,,,,,&#80;,,,,,1,,,0,0,,,1,0,,,,0,1,1,1,0,0,0,,Unicode;ASCII;CP1252,,https://www.fileformat.info/info/unicode/char/0050/index.htm,
Q,Q,Uppercase Q,,,,1,,,,1,81,0x51,,,0x51   ,0x51,1,,0,,0,,0,4,,,0x51,0,,1,81,,121,0x51,1010001,1,81,,0x51,1,,,,,,,,&#81;,,,,,1,,,0,0,,,1,0,,,,0,1,1,1,0,0,0,,Unicode;ASCII;CP1252,,https://www.fileformat.info/info/unicode/char/0051/index.htm,
R,R,Uppercase R,,,,1,,,,1,82,0x52,,,0x52   ,0x52,1,,0,,0,,0,4,,,0x52,0,,1,82,,122,0x52,1010010,1,82,,0x52,1,,,,,,,,&#82;,,,,,1,,,0,0,,,1,0,,,,0,1,1,1,0,0,0,,Unicode;ASCII;CP1252,,https://www.fileformat.info/info/unicode/char/0052/index.htm,
S,S,Uppercase S,,,,1,,,,1,83,0x53,,,0x53   ,0x53,1,,0,,0,,0,4,,,0x53,0,,1,83,,123,0x53,1010011,1,83,,0x53,1,,,,,,,,&#83;,,,,,1,,,0,0,,,1,0,,,,0,1,1,1,0,0,0,,Unicode;ASCII;CP1252,,https://www.fileformat.info/info/unicode/char/0053/index.htm,
T,T,Uppercase T,,,,1,,,,1,84,0x54,,,0x54   ,0x54,1,,0,,0,,0,4,,,0x54,0,,1,84,,124,0x54,1010100,1,84,,0x54,1,,,,,,,,&#84;,,,,,1,,,0,0,,,1,0,,,,0,1,1,1,0,0,0,,Unicode;ASCII;CP1252,,https://www.fileformat.info/info/unicode/char/0054/index.htm,
U,U,Uppercase U,,,,1,,,,1,85,0x55,,,0x55   ,0x55,1,,0,,0,,0,4,,,0x55,0,,1,85,,125,0x55,1010101,1,85,,0x55,1,,,,,,,,&#85;,,,,,1,,,0,0,,,1,0,,,,0,1,1,1,0,0,0,,Unicode;ASCII;CP1252,,https://www.fileformat.info/info/unicode/char/0055/index.htm,
V,V,Uppercase V,,,,1,,,,1,86,0x56,,,0x56   ,0x56,1,,0,,0,,0,4,,,0x56,0,,1,86,,126,0x56,1010110,1,86,,0x56,1,,,,,,,,&#86;,,,,,1,,,0,0,,,1,0,,,,0,1,1,1,0,0,0,,Unicode;ASCII;CP1252,,https://www.fileformat.info/info/unicode/char/0056/index.htm,
W,W,Uppercase W,,,,1,,,,1,87,0x57,,,0x57   ,0x57,1,,0,,0,,0,4,,,0x57,0,,1,87,,127,0x57,1010111,1,87,,0x57,1,,,,,,,,&#87;,,,,,1,,,0,0,,,1,0,,,,0,1,1,1,0,0,0,,Unicode;ASCII;CP1252,,https://www.fileformat.info/info/unicode/char/0057/index.htm,
X,X,Uppercase X,,,,1,,,,1,88,0x58,,,0x58   ,0x58,1,,0,,0,,0,4,,,0x58,0,,1,88,,130,0x58,1011000,1,88,,0x58,1,,,,,,,,&#88;,,,,,1,,,0,0,,,1,0,,,,0,1,1,1,0,0,0,,Unicode;ASCII;CP1252,,https://www.fileformat.info/info/unicode/char/0058/index.htm,
Y,Y,Uppercase Y,,,,1,,,,1,89,0x59,,,0x59   ,0x59,1,,0,,0,,0,4,,,0x59,0,,1,89,,131,0x59,1011001,1,89,,0x59,1,,,,,,,,&#89;,,,,,1,,,0,0,,,1,0,,,,0,1,1,1,0,0,0,,Unicode;ASCII;CP1252,,https://www.fileformat.info/info/unicode/char/0059/index.htm,
Z,Z,Uppercase Z,,,,1,,,,1,90,0x5A,,,0x5a   ,0x5a,1,,0,,0,,0,4,,,0x5a,0,,1,90,,132,0x5A,1011010,1,90,,0x5A,1,,,,,,,,&#90;,,,,,1,,,0,0,,,1,0,,,,0,0,1,1,0,0,0,,Unicode;ASCII;CP1252,,https://www.fileformat.info/info/unicode/char/005A/index.htm,
[,[,Opening bracket; Left Square Bracket,,,,,,,,1,91,0x5B,,,0x5b   ,0x5b,1,,0,,0,,0,4,,,0x5b,0,,1,91,,133,0x5B,1011011,1,91,,0x5B,1,,,,,,,,&#91;,,,,,0,,,0,1,,,1,0,,,,0,0,1,1,0,0,0,,Unicode;ASCII;CP1252,,https://www.fileformat.info/info/unicode/char/005B/index.htm,
\,\,Backslash; Reverse Solidus,,,,,,,,1,92,0x5C,,,0x5c   ,0x5c,1,,0,,0,,0,4,,,0x5c,0,,1,92,,134,0x5C,1011100,1,92,,0x5C,1,,,,,,,,&#92;,,,,,0,,,0,1,,,1,0,,,,0,0,1,1,0,0,0,,Unicode;ASCII;CP1252,,https://www.fileformat.info/info/unicode/char/005C/index.htm,
],],Closing bracket; Right Square Bracket,,,,,,,,1,93,0x5D,,,0x5d   ,0x5d,1,,0,,0,,0,4,,,0x5d,0,,1,93,,135,0x5D,1011101,1,93,,0x5D,1,,,,,,,,&#93;,,,,,0,,,0,1,,,1,0,,,,0,0,1,1,0,0,0,,Unicode;ASCII;CP1252,,https://www.fileformat.info/info/unicode/char/005D/index.htm,
^,^,Caret; circumflex,,,,,,,,1,94,0x5E,,,0x5e   ,0x5e,1,,0,,0,,0,4,,,0x5e,0,,1,94,,136,0x5E,1011110,1,94,,0x5E,1,,,,,,,,&#94;,,,,,0,,,0,0,,,1,0,,,,0,0,1,1,0,0,0,,Unicode;ASCII;CP1252,,https://www.fileformat.info/info/unicode/char/005E/index.htm,
_,_,Underscore; Low Line,,,,,,,,1,95,0x5F,,,0x5f   ,0x5f,1,,0,,0,,0,4,,,0x5f,0,,1,95,,137,0x5F,1011111,1,95,,0x5F,1,,,,,,,,&#95;,,,,,0,,,0,1,,,1,0,,,,0,0,1,1,0,0,0,,Unicode;ASCII;CP1252,,https://www.fileformat.info/info/unicode/char/005F/index.htm,
`,`,Grave accent,,,,,,,,1,96,0x60,,,0x60   ,0x60,1,,0,,0,,0,4,,,0x60,0,,1,96,,140,0x60,1100000,1,96,,0x60,1,,,,,,,,&#96;,,,,,0,,,0,0,,,1,0,,,,0,1,1,1,0,0,0,,Unicode;ASCII;CP1252,,https://www.fileformat.info/info/unicode/char/0060/index.htm,
a,a,Small a,,,,0,,,,1,97,0x61,,,0x41   ,0x41,1,,0,,0,,0,4,,,0x41,0,,1,97,,141,0x61,1100001,1,97,,0x61,0,,,,,,,,&#97;,,,,,1,,,0,0,,,1,0,,,,0,0,0,0,0,0,0,,Unicode;ASCII;CP1252,,https://www.fileformat.info/info/unicode/char/0061/index.htm,
b,b,Lowercase b,,,,0,,,,1,98,0x62,,,0x42   ,0x42,1,,0,,0,,0,4,,,0x42,0,,1,98,,142,0x62,1100010,1,98,,0x62,0,,,,,,,,&#98;,,,,,1,,,0,0,,,1,0,,,,0,0,0,0,0,0,0,,Unicode;ASCII;CP1252,,https://www.fileformat.info/info/unicode/char/0062/index.htm,
c,c,Lowercase c,,,,,,,,1,99,0x63,,,0x43   ,0x43,1,,0,,0,,0,4,,,0x43,0,,1,99,,143,0x63,1100011,1,99,,0x63,0,,,,,,,,&#99;,,,,,1,,,0,0,,,1,0,,,,0,0,0,0,0,0,0,,Unicode;ASCII;CP1252,,https://www.fileformat.info/info/unicode/char/0063/index.htm,
d,d,Lowercase d,,,,,,,,1,100,0x64,,,0x44   ,0x44,1,,0,,0,,0,4,,,0x44,0,,1,100,,144,0x64,1100100,1,100,,0x64,0,,,,,,,,&#100;,,,,,1,,,0,0,,,1,0,,,,0,0,0,0,0,0,0,,Unicode;ASCII;CP1252,,https://www.fileformat.info/info/unicode/char/0064/index.htm,
e,e,Lowercase e,,,,,,,,1,101,0x65,,,0x45   ,0x45,1,,0,,0,,0,4,,,0x45,0,,1,101,,145,0x65,1100101,1,101,,0x65,0,,,,,,,,&#101;,,,,,1,,,0,0,,,1,0,,,,0,0,0,0,0,0,0,,Unicode;ASCII;CP1252,,https://www.fileformat.info/info/unicode/char/0065/index.htm,
f,f,Lowercase f,,,,,,,,1,102,0x66,,,0x46   ,0x46,1,,0,,0,,0,4,,,0x46,0,,1,102,,146,0x66,1100110,1,102,,0x66,0,,,,,,,,&#102;,,,,,1,,,0,0,,,1,0,,,,0,0,0,0,0,0,0,,Unicode;ASCII;CP1252,,https://www.fileformat.info/info/unicode/char/0066/index.htm,
g,g,Lowercase g,,,,,,,,1,103,0x67,,,0x47   ,0x47,1,,0,,0,,0,4,,,0x47,0,,1,103,,147,0x67,1100111,1,103,,0x67,0,,,,,,,,&#103;,,,,,1,,,0,0,,,1,0,,,,0,0,0,0,0,0,0,,Unicode;ASCII;CP1252,,https://www.fileformat.info/info/unicode/char/0067/index.htm,
h,h,Lowercase h,,,,,,,,1,104,0x68,,,0x48   ,0x48,1,,0,,0,,0,4,,,0x48,0,,1,104,,150,0x68,1101000,1,104,,0x68,0,,,,,,,,&#104;,,,,,1,,,0,0,,,1,0,,,,0,0,0,0,0,0,0,,Unicode;ASCII;CP1252,,https://www.fileformat.info/info/unicode/char/0068/index.htm,
i,i,Lowercase i,,,,,,,,1,105,0x69,,,0x49   ,0x49,1,,0,,0,,0,4,,,0x49,0,,1,105,,151,0x69,1101001,1,105,,0x69,0,,,,,,,,&#105;,,,,,1,,,0,0,,,1,0,,,,0,0,0,0,0,0,0,,Unicode;ASCII;CP1252,,https://www.fileformat.info/info/unicode/char/0069/index.htm,
j,j,Lowercase j,,,,,,,,1,106,0x6A,,,0x4a   ,0x4a,1,,0,,0,,0,4,,,0x4a,0,,1,106,,152,0x6A,1101010,1,106,,0x6A,0,,,,,,,,&#106;,,,,,1,,,0,0,,,1,0,,,,0,0,0,0,0,0,0,,Unicode;ASCII;CP1252,,https://www.fileformat.info/info/unicode/char/006A/index.htm,
k,k,Lowercase k,,,,,,,,1,107,0x6B,,,0x4b   ,0x4b,1,,0,,0,,0,4,,,0x4b,0,,1,107,,153,0x6B,1101011,1,107,,0x6B,0,,,,,,,,&#107;,,,,,1,,,0,0,,,1,0,,,,0,0,0,0,0,0,0,,Unicode;ASCII;CP1252,,https://www.fileformat.info/info/unicode/char/006B/index.htm,
l,l,Lowercase l,,,,,,,,1,108,0x6C,,,0x4c   ,0x4c,1,,0,,0,,0,4,,,0x4c,0,,1,108,,154,0x6C,1101100,1,108,,0x6C,0,,,,,,,,&#108;,,,,,1,,,0,0,,,1,0,,,,0,0,0,0,0,0,0,,Unicode;ASCII;CP1252,,https://www.fileformat.info/info/unicode/char/006C/index.htm,
m,m,Lowercase m,,,,,,,,1,109,0x6D,,,0x4d   ,0x4d,1,,0,,0,,0,4,,,0x4d,0,,1,109,,155,0x6D,1101101,1,109,,0x6D,0,,,,,,,,&#109;,,,,,1,,,0,0,,,1,0,,,,0,0,0,0,0,0,0,,Unicode;ASCII;CP1252,,https://www.fileformat.info/info/unicode/char/006D/index.htm,
n,n,Lowercase n,,,,,,,,1,110,0x6E,,,0x4e   ,0x4e,1,,0,,0,,0,4,,,0x4e,0,,1,110,,156,0x6E,1101110,1,110,,0x6E,0,,,,,,,,&#110;,,,,,1,,,0,0,,,1,0,,,,0,0,0,0,0,0,0,,Unicode;ASCII;CP1252,,https://www.fileformat.info/info/unicode/char/006E/index.htm,
o,o,Lowercase o,,,,,,,,1,111,0x6F,,,0x4f   ,0x4f,1,,0,,0,,0,4,,,0x4f,0,,1,111,,157,0x6F,1101111,1,111,,0x6F,0,,,,,,,,&#111;,,,,,1,,,0,0,,,1,0,,,,0,0,0,0,0,0,0,,Unicode;ASCII;CP1252,,https://www.fileformat.info/info/unicode/char/006F/index.htm,
p,p,Lowercase p,,,,,,,,1,112,0x70,,,0x50   ,0x50,1,,0,,0,,0,4,,,0x50,0,,1,112,,160,0x70,1110000,1,112,,0x70,0,,,,,,,,&#112;,,,,,1,,,0,0,,,1,0,,,,0,0,0,0,0,0,0,,Unicode;ASCII;CP1252,,https://www.fileformat.info/info/unicode/char/0070/index.htm,
q,q,Lowercase q,,,,,,,,1,113,0x71,,,0x51   ,0x51,1,,0,,0,,0,4,,,0x51,0,,1,113,,161,0x71,1110001,1,113,,0x71,0,,,,,,,,&#113;,,,,,1,,,0,0,,,1,0,,,,0,0,0,0,0,0,0,,Unicode;ASCII;CP1252,,https://www.fileformat.info/info/unicode/char/0071/index.htm,
r,r,Lowercase r,,,,,,,,1,114,0x72,,,0x52   ,0x52,1,,0,,0,,0,4,,,0x52,0,,1,114,,162,0x72,1110010,1,114,,0x72,0,,,,,,,,&#114;,,,,,1,,,0,0,,,1,0,,,,0,0,0,0,0,0,0,,Unicode;ASCII;CP1252,,https://www.fileformat.info/info/unicode/char/0072/index.htm,
s,s,Lowercase s,,,,,,,,1,115,0x73,,,0x53   ,0x53,1,,0,,0,,0,4,,,0x53,0,,1,115,,163,0x73,1110011,1,115,,0x73,0,,,,,,,,&#115;,,,,,1,,,0,0,,,1,0,,,,0,0,0,0,0,0,0,,Unicode;ASCII;CP1252,,https://www.fileformat.info/info/unicode/char/0073/index.htm,
t,t,Lowercase t,,,,,,,,1,116,0x74,,,0x54   ,0x54,1,,0,,0,,0,4,,,0x54,0,,1,116,,164,0x74,1110100,1,116,,0x74,0,,,,,,,,&#116;,,,,,1,,,0,0,,,1,0,,,,0,0,0,0,0,0,0,,Unicode;ASCII;CP1252,,https://www.fileformat.info/info/unicode/char/0074/index.htm,
u,u,Lowercase u,,,,,,,,1,117,0x75,,,0x55   ,0x55,1,,0,,0,,0,4,,,0x55,0,,1,117,,165,0x75,1110101,1,117,,0x75,0,,,,,,,,&#117;,,,,,1,,,0,0,,,1,0,,,,0,0,0,0,0,0,0,,Unicode;ASCII;CP1252,,https://www.fileformat.info/info/unicode/char/0075/index.htm,
v,v,Lowercase v,,,,,,,,1,118,0x76,,,0x56   ,0x56,1,,0,,0,,0,4,,,0x56,0,,1,118,,166,0x76,1110110,1,118,,0x76,0,,,,,,,,&#118;,,,,,1,,,0,0,,,1,0,,,,0,0,0,0,0,0,0,,Unicode;ASCII;CP1252,,https://www.fileformat.info/info/unicode/char/0076/index.htm,
w,w,Lowercase w,,,,,,,,1,119,0x77,,,0x57   ,0x57,1,,0,,0,,0,4,,,0x57,0,,1,119,,167,0x77,1110111,1,119,,0x77,0,,,,,,,,&#119;,,,,,1,,,0,0,,,1,0,,,,0,0,0,0,0,0,0,,Unicode;ASCII;CP1252,,https://www.fileformat.info/info/unicode/char/0077/index.htm,
x,x,Lowercase x,,,,,,,,1,120,0x78,,,0x58   ,0x58,1,,0,,0,,0,4,,,0x58,0,,1,120,,170,0x78,1111000,1,120,,0x78,0,,,,,,,,&#120;,,,,,1,,,0,0,,,1,0,,,,0,0,0,0,0,0,0,,Unicode;ASCII;CP1252,,https://www.fileformat.info/info/unicode/char/0078/index.htm,
y,y,Lowercase y,,,,,,,,1,121,0x79,,,0x59   ,0x59,1,,0,,0,,0,4,,,0x59,0,,1,121,,171,0x79,1111001,1,121,,0x79,0,,,,,,,,&#121;,,,,,1,,,0,0,,,1,0,,,,0,0,0,0,0,0,0,,Unicode;ASCII;CP1252,,https://www.fileformat.info/info/unicode/char/0079/index.htm,
z,z,Lowercase z,,,,,,,,1,122,0x7A,,,0x5a   ,0x5a,1,,0,,0,,0,4,,,0x5a,0,,1,122,,172,0x7A,1111010,1,122,,0x7A,0,,,,,,,,&#122;,,,,,1,,,0,0,,,1,0,,,,0,0,0,0,0,0,0,,Unicode;ASCII;CP1252,,https://www.fileformat.info/info/unicode/char/007A/index.htm,
{,{,Opening brace; Left Curly Bracket,,,,,,,,1,123,0x7B,,,0x7b   ,0x7b,1,,0,,0,,0,4,,,0x7b,0,,1,123,,173,0x7B,1111011,1,123,,0x7B,1,,,,,,,,&#123;,,,,,0,,,0,1,,,1,0,,,,0,0,1,1,0,0,0,,Unicode;ASCII;CP1252,,https://www.fileformat.info/info/unicode/char/007B/index.htm,
|,|,"Vertical bar, Vertical Line",,,,,,,,1,124,0x7C,,,0x7c   ,0x7c,1,,0,,0,,0,4,,,0x7c,0,,1,124,,174,0x7C,1111100,1,124,,0x7C,1,,,,,,,,&#124;,,,,,0,,,0,0,,,1,0,,,,0,0,1,1,0,0,0,,Unicode;ASCII;CP1252,,https://www.fileformat.info/info/unicode/char/007C/index.htm,
},},Closing brace; Right Curly Bracket,,,,,,,,1,125,0x7D,,,0x7d   ,0x7d,1,,0,,0,,0,4,,,0x7d,0,,1,125,,175,0x7D,1111101,1,125,,0x7D,1,,,,,,,,&#125;,,,,,0,,,0,1,,,1,0,,,,0,0,1,1,0,0,0,,Unicode;ASCII;CP1252,,https://www.fileformat.info/info/unicode/char/007D/index.htm,
~,~,Equivalency sign; tilde,,,,,,,,1,126,0x7E,,,   ,,0,,0,,0,,0,3,,,,0,,1,126,,176,0x7E,1111110,1,126,,0x7E,0,,,,,,,,&#126;,,,,,0,,,0,0,,,1,0,,,,0,0,0,0,0,0,0,,Unicode;ASCII;CP1252,,https://www.fileformat.info/info/unicode/char/007E/index.htm,
,DEL,Delete,,,,,,,,1,127,0x7F,,,   ,,0,,0,,0,,0,3,,,,0,,1,127,,177,0x7F,1111111,1,127,,0x7F,0,,,,,,,,&#127;,,,,,0,,,0,0,,,1,1,,,,0,0,0,0,0,0,0,,Unicode;ASCII;CP1252,,https://www.fileformat.info/info/unicode/char/007F/index.htm,
Γ,,Greek Capital Letter Gamma,,,,1,,,,1,915,,,,0xCE 0x93  ,0xCE,1,0x93,0,,0,,0,5,,,0xCE,0,,0,226,,,0xE2,,0,,,,0,,,,,,,,,,,,,1,,,0,0,,,1,0,0,,,0,0,0,0,0,0,0,,,,https://www.fileformat.info/info/unicode/char/0393/index.htm;https://www.codetable.net/decimal/915,
é,,latin small letter e with acute accent; e-acute,,,,0,,,,1,130,,,,0xc3 0x89  ,0xc3,1,0x89,0,,0,,0,5,,,0xc3,0,,0,,,,0x82,,1,233,,0xE9,0,,,,,,,,,,,,,1,,,0,0,,,1,0,,,,0,0,0,0,0,0,0,,,,https://www.fileformat.info/info/unicode/char/00c3/index.htm,
â,,latin small letter a with circumflex accent; a-circumflex,,,,0,,,,1,131,,,,0xc3 0x82  ,0xc3,1,0x82,0,,0,,0,5,,,0xc3,0,,0,,,,0x83,,1,226,,0xE2,1,,,,,,,,,,,,,1,,,0,0,,,1,0,,,,0,0,1,1,0,0,0,,,,https://www.fileformat.info/info/unicode/char/00c3/index.htm,
┤,,Box Drawings Light Vertical And Left,,,,,,,,1,9508,,,,   ,,0,,0,,0,,0,3,,,,0,,0,180,,,0xB4,,0,,,,0,,,,,,,,,,,,,,,,0,,,,1,0,,,,0,0,0,0,0,0,0,,,,https://www.fileformat.info/info/unicode/char/2524/index.htm;https://www.codetable.net/decimal/9508,
╡,,,,,,,,,,1,9569,,,,   ,,0,,0,,0,,0,3,,,,0,,0,181,,,0xB5,,0,,,,0,,,,,,,,,,,,,,,,0,,,,1,0,,,,0,0,0,0,0,0,0,,,,https://www.fileformat.info/info/unicode/char//index.htm,
╢,,,,,,,,,,1,9570,,,,   ,,0,,0,,0,,0,3,,,,0,,0,182,,,0xB6,,0,,,,0,,,,,,,,,,,,,,,,0,,,,1,0,,,,0,0,0,0,0,0,0,,,,https://www.fileformat.info/info/unicode/char//index.htm,
╖,,,,,,,,,,1,9558,,,,   ,,0,,0,,0,,0,3,,,,0,,0,183,,,0xB7,,0,,,,0,,,,,,,,,,,,,,,,0,,,,1,0,,,,0,0,0,0,0,0,0,,,,https://www.fileformat.info/info/unicode/char//index.htm,
╕,,,,,,,,,,1,9557,,,,   ,,0,,0,,0,,0,3,,,,0,,0,184,,,0xB8,,0,,,,0,,,,,,,,,,,,,,,,0,,,,1,0,,,,0,0,0,0,0,0,0,,,,https://www.fileformat.info/info/unicode/char//index.htm,
╣,,,,,,,,,,1,9571,,,,   ,,0,,0,,0,,0,3,,,,0,,0,185,,,0xB9,,0,,,,0,,,,,,,,,,,,,,,,0,,,,1,0,,,,0,0,0,0,0,0,0,,,,https://www.fileformat.info/info/unicode/char//index.htm,
║,,,,,,,,,,1,9553,,,,   ,,0,,0,,0,,0,3,,,,0,,0,186,,,0xBA,,0,,,,0,,,,,,,,,,,,,,,,0,,,,1,0,,,,0,0,0,0,0,0,0,,,,https://www.fileformat.info/info/unicode/char//index.htm,
╗,,,,,,,,,,1,9559,,,,   ,,0,,0,,0,,0,3,,,,0,,0,187,,,0xBB,,0,,,,0,,,,,,,,,,,,,,,,0,,,,1,0,,,,0,0,0,0,0,0,0,,,,https://www.fileformat.info/info/unicode/char//index.htm,
╝,,,,,,,,,,1,9565,,,,   ,,0,,0,,0,,0,3,,,,0,,0,188,,,0xBC,,0,,,,0,,,,,,,,,,,,,,,,0,,,,1,0,,,,0,0,0,0,0,0,0,,,,https://www.fileformat.info/info/unicode/char//index.htm,
╜,,,,,,,,,,1,9564,,,,   ,,0,,0,,0,,0,3,,,,0,,0,189,,,0xBD,,0,,,,0,,,,,,,,,,,,,,,,0,,,,1,0,,,,0,0,0,0,0,0,0,,,,https://www.fileformat.info/info/unicode/char//index.htm,
╛,,,,,,,,,,1,9563,,,,   ,,0,,0,,0,,0,3,,,,0,,0,190,,,0xBE,,0,,,,0,,,,,,,,,,,,,,,,0,,,,1,0,,,,0,0,0,0,0,0,0,,,,https://www.fileformat.info/info/unicode/char//index.htm,
┐,,,,,,,,,,1,9488,,,,   ,,0,,0,,0,,0,3,,,,0,,0,191,,,0xBF,,0,,,,0,,,,,,,,,,,,,,,,0,,,,1,0,,,,0,0,0,0,0,0,0,,,,https://www.fileformat.info/info/unicode/char//index.htm,
└,,,,,,,,,,1,9492,,,,   ,,0,,0,,0,,0,3,,,,0,,0,192,,,0xC0,,0,,,,0,,,,,,,,,,,,,,,,0,,,,1,0,,,,0,0,0,0,0,0,0,,,,https://www.fileformat.info/info/unicode/char//index.htm,
┴,,,,,,,,,,1,9524,,,,   ,,0,,0,,0,,0,3,,,,0,,0,193,,,0xC1,,0,,,,0,,,,,,,,,,,,,,,,0,,,,1,0,,,,0,0,0,0,0,0,0,,,,https://www.fileformat.info/info/unicode/char//index.htm,
┬,,,,,,,,,,1,9516,,,,   ,,0,,0,,0,,0,3,,,,0,,0,194,,,0xC2,,0,,,,0,,,,,,,,,,,,,,,,0,,,,1,0,,,,0,0,0,0,0,0,0,,,,https://www.fileformat.info/info/unicode/char//index.htm,
├,,,,,,,,,,1,9500,,,,   ,,0,,0,,0,,0,3,,,,0,,0,195,,,0xC3,,0,,,,0,,,,,,,,,,,,,,,,0,,,,1,0,,,,0,0,0,0,0,0,0,,,,https://www.fileformat.info/info/unicode/char//index.htm,
─,,,,,,,,,,1,9472,,,,   ,,0,,0,,0,,0,3,,,,0,,0,196,,,0xC4,,0,,,,0,,,,,,,,,,,,,,,,0,,,,1,0,,,,0,0,0,0,0,0,0,,,,https://www.fileformat.info/info/unicode/char//index.htm,
┼,,,,,,,,,,1,9532,,,,   ,,0,,0,,0,,0,3,,,,0,,0,197,,,0xC5,,0,,,,0,,,,,,,,,,,,,,,,0,,,,1,0,,,,0,0,0,0,0,0,0,,,,https://www.fileformat.info/info/unicode/char//index.htm,
╞,,,,,,,,,,1,9566,,,,   ,,0,,0,,0,,0,3,,,,0,,0,198,,,0xC6,,0,,,,0,,,,,,,,,,,,,,,,0,,,,1,0,,,,0,0,0,0,0,0,0,,,,https://www.fileformat.info/info/unicode/char//index.htm,
╟,,,,,,,,,,1,9567,,,,   ,,0,,0,,0,,0,3,,,,0,,0,199,,,0xC7,,0,,,,0,,,,,,,,,,,,,,,,0,,,,1,0,,,,0,0,0,0,0,0,0,,,,https://www.fileformat.info/info/unicode/char//index.htm,
╚,,,,,,,,,,1,9562,,,,   ,,0,,0,,0,,0,3,,,,0,,0,200,,,0xC8,,0,,,,0,,,,,,,,,,,,,,,,0,,,,1,0,,,,0,0,0,0,0,0,0,,,,https://www.fileformat.info/info/unicode/char//index.htm,
╔,,,,,,,,,,1,9556,,,,   ,,0,,0,,0,,0,3,,,,0,,0,201,,,0xC9,,0,,,,0,,,,,,,,,,,,,,,,0,,,,1,0,,,,0,0,0,0,0,0,0,,,,https://www.fileformat.info/info/unicode/char//index.htm,
╩,,,,,,,,,,1,9577,,,,   ,,0,,0,,0,,0,3,,,,0,,0,202,,,0xCA,,0,,,,0,,,,,,,,,,,,,,,,0,,,,1,0,,,,0,0,0,0,0,0,0,,,,https://www.fileformat.info/info/unicode/char//index.htm,
╦,,,,,,,,,,1,9574,,,,   ,,0,,0,,0,,0,3,,,,0,,0,203,,,0xCB,,0,,,,0,,,,,,,,,,,,,,,,0,,,,1,0,,,,0,0,0,0,0,0,0,,,,https://www.fileformat.info/info/unicode/char//index.htm,
╠,,,,,,,,,,1,9568,,,,   ,,0,,0,,0,,0,3,,,,0,,0,204,,,0xCC,,0,,,,0,,,,,,,,,,,,,,,,0,,,,1,0,,,,0,0,0,0,0,0,0,,,,https://www.fileformat.info/info/unicode/char//index.htm,
═,,,,,,,,,,1,9552,,,,   ,,0,,0,,0,,0,3,,,,0,,0,205,,,0xCD,,0,,,,0,,,,,,,,,,,,,,,,0,,,,1,0,,,,0,0,0,0,0,0,0,,,,https://www.fileformat.info/info/unicode/char//index.htm,
╬,,,,,,,,,,1,9580,,,,   ,,0,,0,,0,,0,3,,,,0,,0,206,,,0xCE,,0,,,,0,,,,,,,,,,,,,,,,0,,,,1,0,,,,0,0,0,0,0,0,0,,,,https://www.fileformat.info/info/unicode/char//index.htm,
╨,,,,,,,,,,1,9576,,,,   ,,0,,0,,0,,0,3,,,,0,,0,208,,,0xD0,,0,,,,0,,,,,,,,,,,,,,,,0,,,,1,0,,,,0,0,0,0,0,0,0,,,,https://www.fileformat.info/info/unicode/char//index.htm,
╤,,,,,,,,,,1,9572,,,,   ,,0,,0,,0,,0,3,,,,0,,0,209,,,0xD1,,0,,,,0,,,,,,,,,,,,,,,,0,,,,1,0,,,,0,0,0,0,0,0,0,,,,https://www.fileformat.info/info/unicode/char//index.htm,
╥,,,,,,,,,,1,9573,,,,   ,,0,,0,,0,,0,3,,,,0,,0,210,,,0xD2,,0,,,,0,,,,,,,,,,,,,,,,0,,,,1,0,,,,0,0,0,0,0,0,0,,,,https://www.fileformat.info/info/unicode/char//index.htm,
╙,,,,,,,,,,1,9561,,,,   ,,0,,0,,0,,0,3,,,,0,,0,211,,,0xD3,,0,,,,0,,,,,,,,,,,,,,,,0,,,,1,0,,,,0,0,0,0,0,0,0,,,,https://www.fileformat.info/info/unicode/char//index.htm,
╘,,,,,,,,,,1,9560,,,,   ,,0,,0,,0,,0,3,,,,0,,0,212,,,0xD4,,0,,,,0,,,,,,,,,,,,,,,,0,,,,1,0,,,,0,0,0,0,0,0,0,,,,https://www.fileformat.info/info/unicode/char//index.htm,
╒,,,,,,,,,,1,9554,,,,   ,,0,,0,,0,,0,3,,,,0,,0,213,,,0xD5,,0,,,,0,,,,,,,,,,,,,,,,0,,,,1,0,,,,0,0,0,0,0,0,0,,,,https://www.fileformat.info/info/unicode/char//index.htm,
╓,,,,,,,,,,1,9555,,,,   ,,0,,0,,0,,0,3,,,,0,,0,214,,,0xD6,,0,,,,0,,,,,,,,,,,,,,,,0,,,,1,0,,,,0,0,0,0,0,0,0,,,,https://www.fileformat.info/info/unicode/char//index.htm,
╫,,,,,,,,,,1,9579,,,,   ,,0,,0,,0,,0,3,,,,0,,0,215,,,0xD7,,0,,,,0,,,,,,,,,,,,,,,,0,,,,1,0,,,,0,0,0,0,0,0,0,,,,https://www.fileformat.info/info/unicode/char//index.htm,
╪,,,,,,,,,,1,9578,,,,   ,,0,,0,,0,,0,3,,,,0,,0,216,,,0xD8,,0,,,,0,,,,,,,,,,,,,,,,0,,,,1,0,,,,0,0,0,0,0,0,0,,,,https://www.fileformat.info/info/unicode/char//index.htm,
┘,,,,,,,,,,1,9496,,,,   ,,0,,0,,0,,0,3,,,,0,,0,217,,,0xD9,,0,,,,0,,,,,,,,,,,,,,,,0,,,,1,0,,,,0,0,0,0,0,0,0,,,,https://www.fileformat.info/info/unicode/char//index.htm,
┌,,,,,,,,,,1,9484,,,,   ,,0,,0,,0,,0,3,,,,0,,0,218,,,0xDA,,0,,,,0,,,,,,,,,,,,,,,,0,,,,1,0,,,,0,0,0,0,0,0,0,,,,https://www.fileformat.info/info/unicode/char//index.htm,
█,,,,,,,,,,1,9608,,,,   ,,0,,0,,0,,0,3,,,,0,,0,219,,,0xDB,,0,,,,0,,,,,,,,,,,,,,,,0,,,,1,0,,,,0,0,0,0,0,0,0,,,,https://www.fileformat.info/info/unicode/char//index.htm,
▄,,,,,,,,,,1,9604,,,,   ,,0,,0,,0,,0,3,,,,0,,0,220,,,0xDC,,0,,,,0,,,,,,,,,,,,,,,,0,,,,1,0,,,,0,0,0,0,0,0,0,,,,https://www.fileformat.info/info/unicode/char//index.htm,
▌,,,,,,,,,,1,9612,,,,   ,,0,,0,,0,,0,3,,,,0,,0,221,,,0xDD,,0,,,,0,,,,,,,,,,,,,,,,0,,,,1,0,,,,0,0,0,0,0,0,0,,,,https://www.fileformat.info/info/unicode/char//index.htm,
▐,,,,,,,,,,1,9616,,,,   ,,0,,0,,0,,0,3,,,,0,,0,222,,,0xDE,,0,,,,0,,,,,,,,,,,,,,,,0,,,,1,0,,,,0,0,0,0,0,0,0,,,,https://www.fileformat.info/info/unicode/char//index.htm,
α,,GREEK SMALL LETTER ALPHA,,,,0,,,,1,945,,,,   ,,0,,0,,0,,0,3,,,,0,,0,224,,,0xE0,,0,,,,0,,,,,,,,&#945;,&#x3b1;,&alpha;,,,1,,,0,,,,1,0,0,,,0,0,0,0,0,0,0,,,,https://www.fileformat.info/info/unicode/char//index.htm,Alt+3B1;Alt+224
ÿ,,Small letter y with diaeresis,,,,0,,,,1,152,,,,0xc3 0xbf  ,0xc3,1,0xbf,1,,0,,0,5,,,0xc3;0xbf,1,,0,,,,0x98,,1,255,,0xFF,0,,,,,,,,,,,,,1,1,0,0,0,,0,1,0,0,0,0,0,0,0,0,0,0,0,,,,https://www.fileformat.info/info/unicode/char/00c3/index.htm,
π,,,,,,,,,,1,960,,,,   ,,0,,0,,0,,0,3,,,,0,,0,227,,,0xE3,,0,,,,0,,,,,,,,,,,,,1,,,0,,,,1,0,,,,0,0,0,0,0,0,0,,,,https://www.fileformat.info/info/unicode/char//index.htm,
Σ,,,,,,,,,,1,931,,,,   ,,0,,0,,0,,0,3,,,,0,,0,228,,,0xE4,,0,,,,0,,,,,,,,,,,,,1,,,0,,,,1,0,,,,0,0,0,0,0,0,0,,,,https://www.fileformat.info/info/unicode/char//index.htm,
σ,,,,,,,,,,1,963,,,,   ,,0,,0,,0,,0,3,,,,0,,0,229,,,0xE5,,0,,,,0,,,,,,,,,,,,,1,,,0,,,,1,0,,,,0,0,0,0,0,0,0,,,,https://www.fileformat.info/info/unicode/char//index.htm,
τ,,,,,,,,,,1,964,,,,   ,,0,,0,,0,,0,3,,,,0,,0,231,,,0xE7,,0,,,,0,,,,,,,,,,,,,1,,,0,,,,1,0,,,,0,0,0,0,0,0,0,,,,https://www.fileformat.info/info/unicode/char//index.htm,
Φ,,,,,,,,,,1,934,,,,   ,,0,,0,,0,,0,3,,,,0,,0,232,,,0xE8,,0,,,,0,,,,,,,,,,,,,1,,,0,,,,1,0,,,,0,0,0,0,0,0,0,,,,https://www.fileformat.info/info/unicode/char//index.htm,
Θ,,,,,,,,,,1,920,,,,   ,,0,,0,,0,,0,3,,,,0,,0,233,,,0xE9,,0,,,,0,,,,,,,,,,,,,1,,,0,,,,1,0,,,,0,0,0,0,0,0,0,,,,https://www.fileformat.info/info/unicode/char//index.htm,
Ω,,,,,,,,,,1,937,,,,   ,,0,,0,,0,,0,3,,,,0,,0,234,,,0xEA,,0,,,,0,,,,,,,,,,,,,1,,,0,,,,1,0,,,,0,0,0,0,0,0,0,,,,https://www.fileformat.info/info/unicode/char//index.htm,
δ,,,,,,,,,,1,948,,,,   ,,0,,0,,0,,0,3,,,,0,,0,235,,,0xEB,,0,,,,0,,,,,,,,,,,,,1,,,0,,,,1,0,,,,0,0,0,0,0,0,0,,,,https://www.fileformat.info/info/unicode/char//index.htm,
∞,,,,,,,,,,1,8734,,,,   ,,0,,0,,0,,0,3,,,,0,,0,236,,,0xEC,,0,,,,0,,,,,,,,,,,,,,,,0,,,,1,0,,,,0,0,0,0,0,0,0,,,,https://www.fileformat.info/info/unicode/char//index.htm,
φ,,,,,,,,,,1,966,,,,   ,,0,,0,,0,,0,3,,,,0,,0,237,,,0xED,,0,,,,0,,,,,,,,,,,,,1,,,0,,,,1,0,,,,0,0,0,0,0,0,0,,,,https://www.fileformat.info/info/unicode/char//index.htm,
ε,,,,,,,,,,1,949,,,,   ,,0,,0,,0,,0,3,,,,0,,0,238,,,0xEE,,0,,,,0,,,,,,,,,,,,,1,,,0,,,,1,0,,,,0,0,0,0,0,0,0,,,,https://www.fileformat.info/info/unicode/char//index.htm,
∩,,,,,,,,,,1,8745,,,,   ,,0,,0,,0,,0,3,,,,0,,0,239,,,0xEF,,0,,,,0,,,,,,,,,,,,,,,,0,,,,1,0,,,,0,0,0,0,0,0,0,,,,https://www.fileformat.info/info/unicode/char//index.htm,
≡,,,,,,,,,,1,8801,,,,   ,,0,,0,,0,,0,3,,,,0,,0,240,,,0xF0,,0,,,,0,,,,,,,,,,,,,,,,0,,,,1,0,,,,0,0,0,0,0,0,0,,,,https://www.fileformat.info/info/unicode/char//index.htm,
≥,,,,,,,,,,1,8805,,,,   ,,0,,0,,0,,0,3,,,,0,,0,242,,,0xF2,,0,,,,0,,,,,,,,,,,,,,,,0,,,,1,0,,,,0,0,0,0,0,0,0,,,,https://www.fileformat.info/info/unicode/char//index.htm,
≤,,,,,,,,,,1,8804,,,,   ,,0,,0,,0,,0,3,,,,0,,0,243,,,0xF3,,0,,,,0,,,,,,,,,,,,,,,,0,,,,1,0,,,,0,0,0,0,0,0,0,,,,https://www.fileformat.info/info/unicode/char//index.htm,
⌠,,,,,,,,,,1,8992,,,,   ,,0,,0,,0,,0,3,,,,0,,0,244,,,0xF4,,0,,,,0,,,,,,,,,,,,,,,,0,,,,1,0,,,,0,0,0,0,0,0,0,,,,https://www.fileformat.info/info/unicode/char//index.htm,
⌡,,,,,,,,,,1,8993,,,,   ,,0,,0,,0,,0,3,,,,0,,0,245,,,0xF5,,0,,,,0,,,,,,,,,,,,,,,,0,,,,1,0,,,,0,0,0,0,0,0,0,,,,https://www.fileformat.info/info/unicode/char//index.htm,
≈,,,,,,,,,,1,8776,,,,   ,,0,,0,,0,,0,3,,,,0,,0,247,,,0xF7,,0,,,,0,,,,,,,,,,,,,,,,0,,,,1,0,,,,0,0,0,0,0,0,0,,,,https://www.fileformat.info/info/unicode/char//index.htm,
∙,,,,,,,,,,1,8729,,,,   ,,0,,0,,0,,0,3,,,,0,,0,249,,,0xF9,,0,,,,0,,,,,,,,,,,,,,,,0,,,,1,0,,,,0,0,0,0,0,0,0,,,,https://www.fileformat.info/info/unicode/char//index.htm,
√,,,,,,,,,,1,8730,,,,   ,,0,,0,,0,,0,3,,,,0,,0,251,,,0xFB,,0,,,,0,,,,,,,,,,,,,,,,0,,,,1,0,,,,0,0,0,0,0,0,0,,,,https://www.fileformat.info/info/unicode/char//index.htm,
xxx,,Operating System Command,,,,,,,,1,157,0x009D,U+009D,,0xC2 0x9D  ,0xC2,1,0x9D,0,,0,,0,2,,#N/A,0xC2,0,,0,,,,,,0,,,,0,,,,,,,1,"	&#157;","	&#x9d;",,0,0,0,0,0,0,0,0,0,0,1,0,,0,0,1,0,0,0,0,0,,,,http://www.fileformat.info/info/unicode/char/9d/index.htm,
,NUL,Null char,\0,\^@,"Ignored character, end of a string",,,,,1,0,0x00,,,0x00   ,0x00,1,,0,,0,,0,4,,,0x00,0,,0,,,0,0x00,0,1,0,,0x00,1,,,,,,,1,&#000;,,,,,0,,,0,0,,,0,1,,,,0,1,1,1,0,0,0,,,,https://www.fileformat.info/info/unicode/char/0000/index.htm,
xxx,,<control>,,,,,,,,1,128,0x80,U+0008,,0x80   ,0x80,0,,0,,0,,0,4,,,,0,,,,,,,,0,,,,0,,,,,,,1,&#128;,&#x80;,,0,0,0,0,0,0,0,0,0,0,1,,,0,0,1,0,0,0,0,0,,,,https://www.fileformat.info/info/unicode/char/80/index.htm,
xxx,,<control>,,,,,,,,1,129,,,,0x81   ,0x81,0,,0,,0,,0,4,,,,0,,,,,,,,0,,,,0,,,,,,,,&#129;,&#x81;,,0,0,0,0,0,0,0,0,0,0,1,,,0,0,1,0,0,0,0,0,,,,https://www.fileformat.info/info/unicode/char/81/index.htm,
¢,,CENT SIGN,,,,,,,,1,162,0xA2,U+00A2,,0xC2 0xA2  ,0xC2,1,0xA2,1,,0,,0,5,,,0xC2;0xA2,1,,0,,,,,,1,162,,0xA2,1,,,,,,,,,,,,,0,,,0,0,,,1,0,,,,0,1,1,0,1,1,1,,,,https://www.fileformat.info/info/unicode/char/00A2/index.htm,
ä,,latin small letter a with umlaut/diaeresis; a-umlaut ,,,,0,,,,1,132,,,,0xc3 0x84   ,0xc3 0x84,0,,0,,0,,0,4,,,,0,,0,,,,0x84,,1,228,,0xE4,0,,,,,,,,,,,,,1,,,0,0,,,1,0,,,,0,1,0,0,0,0,0,,,,https://www.fileformat.info/info/unicode/char/00c3 0084/index.htm,
©,,COPYRIGHT SIGN,,,,,,,,1,169,,,,0xC2 0xA9  ,0xC2,1,0xA9,1,,0,,0,5,,,0xC2;0xA9,1,9400,0,,,,,,1,169,,0xA9,1,1,,0xA9,,,,1,&#169;,&#xa9;,&copy;,,,0,,,0,0,1,,1,0,1,,,0,1,1,0,1,1,0,,,,https://www.fileformat.info/info/unicode/char/00C2/index.htm,Alt+00A9; Alt+0169
å,,latin small letter a with a ring,,,,0,,,,1,134,,,,0xc3 0x85   ,0xc3 0x85,0,,0,,0,,0,4,,,,0,,0,,,,0x86,,1,229,,0xE5,0,,,,,,,,,,,,,1,,,0,0,,,1,0,,,,0,0,0,0,0,0,0,,,,https://www.fileformat.info/info/unicode/char/00c3 0085/index.htm,
ç,,Latin small letter C with Cedilla;small c-cedilla,,,,0,,,,1,135,,,,0xc3 0x87   ,0xc3 0x87,0,,0,,0,,0,4,,,,0,,0,,,,0x87,,1,231,,0xE7,0,,,,,,,,,,,,,1,,,0,0,,,1,0,,,,0,1,0,0,0,0,0,,,,https://www.fileformat.info/info/unicode/char/00c3 0087/index.htm,
ê,,latin small letter e with circumflex accent; e-circumflex,,,,0,,,,1,136,,,,0xc3 0x8a   ,0xc3 0x8a,0,,0,,0,,0,4,,,,0,,0,,,,0x88,,1,234,,0xEA,0,,,,,,,,,,,,,1,,,0,0,,,1,0,,,,0,0,0,0,0,0,0,,,,https://www.fileformat.info/info/unicode/char/00c3 008a/index.htm,
ë,,latin small letter e with umlaut/diaeresis; e-umlauts,,,,0,,,,1,137,,,,0xc3 0x8b   ,0xc3 0x8b,0,,0,,0,,0,4,,,,0,,0,,,,0x89,,1,235,,0xEB,0,,,,,,,,,,,,,1,,,0,0,,,1,0,,,,0,0,0,0,0,0,0,,,,https://www.fileformat.info/info/unicode/char/00c3 008b/index.htm,
è,,latin small letter e with grave accent,,,,0,,,,1,138,,,,0xc3 0x88   ,0xc3 0x88,0,,0,,0,,0,4,,,,0,,0,,,,0x8A,,1,232,,0xE8,0,,,,,,,,,,,,,1,,,0,0,,,1,0,,,,0,0,0,0,0,0,0,,,,https://www.fileformat.info/info/unicode/char/00c3 0088/index.htm,
ï,,latin small letter i with umlaut or diaeresis ; i-umlaut,,,,0,,,,1,139,,,,0xc3 0x8f   ,0xc3 0x8f,0,,0,,0,,0,4,,,,0,,0,,,,0x8B,,1,239,,0xEF,1,,,,,,,,,,,,,1,,,0,0,,,1,0,,,,0,0,1,1,0,0,0,,,,https://www.fileformat.info/info/unicode/char/00c3 008f/index.htm,
î,,latin small letter i with circumflex accent; i-circumflex ,,,,0,,,,1,140,,,,0xc3 0x8e   ,0xc3 0x8e,0,,0,,0,,0,4,,,,0,,0,,,,0x8C,,1,238,,0xEE,0,,,,,,,,,,,,,1,,,0,0,,,1,0,,,,0,0,0,0,0,0,0,,,,https://www.fileformat.info/info/unicode/char/00c3 008e/index.htm,
ì,,latin small letter i with grave accent ,,,,0,,,,1,141,,,,0xc3 0x8c   ,0xc3 0x8c,0,,0,,0,,0,4,,,,0,,0,,,,0x8D,,1,236,,0xEC,0,,,,,,,,,,,,,1,,,0,0,,,1,0,,,,0,0,0,0,0,0,0,,,,https://www.fileformat.info/info/unicode/char/00c3 008c/index.htm,
Ä,,Latin Capital letter A with umlaut/diaeresis; A-umlaut ,,,,1,,,,1,142,,,,0xc3 0x84   ,0xc3 0x84,0,,0,,0,,0,4,,,,0,,0,,,,0x8E,,1,196,,0xC4,0,,,,,,,,,,,,,1,,,0,0,,,1,0,,,,0,0,0,0,0,0,0,,,,https://www.fileformat.info/info/unicode/char/00c3 0084/index.htm,
Å,,Latin Capital letter A with a ring,,,,1,,,,1,143,,,,0xc3 0x85   ,0xc3 0x85,0,,0,,0,,0,4,,,,0,,0,,,,0x8F,,1,197,,0xC5,1,,,,,,,,,,,,,1,,,0,0,,,1,0,,,,0,0,1,1,0,0,0,,,,https://www.fileformat.info/info/unicode/char/00c3 0085/index.htm,
xxx,,Device Control String,,,,,,,,1,144,0x90,U+0090,,0xC2 0x90  ,0xC2,1,0x90,0,,0,,0,,,,0xC2,0,,0,,,,,,0,,,,0,,,,,,,,,,,,,0,,,0,0,,,0,0,0,0,0,0,1,0,0,0,0,0,,,,https://www.fileformat.info/info/unicode/char/0090/index.htm,
æ,,Latin small diphthong ae; Latin small letter AE,,,,0,,,,1,145,,,,0xc3 0x86   ,0xc3 0x86,0,,0,,0,,0,4,,,,0,,0,,,,0x91,,1,230,,0xE6,0,,,,,,,,,,,,,1,,,0,0,,,1,0,,,,0,0,0,0,0,0,0,,,,https://www.fileformat.info/info/unicode/char/00c3 0086/index.htm,
Æ,,"Latin captial diphthong AE, Latin Captial Letter AE",,,,,,,,1,146,,,,0xc3 0x86   ,0xc3 0x86,0,,0,,0,,0,4,,,,0,,0,,,,0x92,,1,198,,0xC6,0,,,,,,,,,,,,,1,,,0,0,,,1,0,,,,0,0,0,0,0,0,0,,,,https://www.fileformat.info/info/unicode/char/00c3 0086/index.htm,
ô,,small letter o with circumflex accent; o-circumflex,,,,0,,,,1,147,,,,0xc3 0x94   ,0xc3 0x94,0,,0,,0,,0,4,,,,0,,0,,,,0x93,,1,244,,0xF4,0,,,,,,,,,,,,,1,,,0,0,,,1,0,,,,0,0,0,0,0,0,0,,,,https://www.fileformat.info/info/unicode/char/00c3 0094/index.htm,
ö,,small letter o with umlaut or diaeresis ; o-umlaut,,,,0,,,,1,148,,,,0xc3 0x96   ,0xc3 0x96,0,,0,,0,,0,4,,,,0,,0,,,,0x94,,1,246,,0xF6,0,,,,,,,,,,,,,1,,,0,0,,,1,0,,,,0,0,0,0,0,0,0,,,,https://www.fileformat.info/info/unicode/char/00c3 0096/index.htm,
ò,,small letter o with grave accent,,,,0,,,,1,149,,,,0xc3 0x92   ,0xc3 0x92,0,,0,,0,,0,4,,,,0,,0,,,,0x95,,1,242,,0xF2,0,,,,,,,,,,,,,1,,,0,0,,,1,0,,,,0,0,0,0,0,0,0,,,,https://www.fileformat.info/info/unicode/char/00c3 0092/index.htm,
ù ,,Small letter u with grave accent ,,,,0,,,,1,151,,,,   ,,0,,0,,0,,0,3,,,,0,,0,,,,0x97,,1,249,,0xF9,0,,,,,,,,,,,,,1,,,0,0,0,,1,0,0,,,0,0,0,0,0,0,0,,,,http://www.fileformat.info/info/unicode/char/f9/index.htm,
½,,VULGAR FRACTION ONE HALF,,,,,,,,1,189,,,,0xC2 0xBD  ,0xC2,1,0xBD,1,,0,,0,5,,,0xC2;0xBD,1,,0,,,,0xBD,,1,189,,0xBD,1,,,,,,,,&#189;,&#xbd;,&frac12;,,,0,,,1,0,,,1,0,1,,,0,0,1,0,1,0,0,,,,https://www.fileformat.info/info/unicode/char/00C2/index.htm,Alt+00BD; Alt+0189; Alt+171
Ö,,Capital letter O with umlaut/diaeresis; O-umlaut,,,,1,,,,1,153,,,,0xc3 0x96   ,0xc3 0x96,0,,0,,0,,0,4,,,,0,,0,,,,0x99,,1,214,,0xD6,0,,,,,,,,,,,,,1,,,0,0,,,1,0,,,,0,0,0,0,0,0,0,,,,https://www.fileformat.info/info/unicode/char/00c3 0096/index.htm,
Ü,,Latin Capital letter U with umlaut/diaeresis; U-umlaut ,,,,1,,,,1,154,,,,0xc3 0x9c   ,0xc3 0x9c,0,,0,,0,,0,4,,,,0,,0,,,,0x9A,,1,220,,0xDC,0,,,,,,,,,,,,,1,,,0,0,,,1,0,,,,0,0,0,0,0,0,0,,,,https://www.fileformat.info/info/unicode/char/00c3 009c/index.htm,
ø,,Small slashed zero; empty set,,,,0,,,,1,155,,,,0xc3 0x98   ,0xc3 0x98,0,,0,,0,,0,4,,,,0,,0,,,,0x9B,,1,248,,0xF8,0,,,,,,,,,,,,,1,,,0,0,,,1,0,0,,,0,0,0,0,0,0,0,,,,https://www.fileformat.info/info/unicode/char/00c3 0098/index.htm,
£,,Pound sign; symbol for the pound sterling ,,,,,,,,1,156,,,,0xc2 0xa3   ,0xc2 0xa3,0,,0,,0,,0,4,,,,0,,0,,,,0x9C,,1,163,,0xA3,1,,,,,,,,,,,,,0,,,0,0,,,1,0,,,,0,0,1,0,0,1,0,,,,https://www.fileformat.info/info/unicode/char/00c2 00a3/index.htm,
Â,,Capital letter A with circumflex accent,,,,1,,,,1,194,0xC2,,,0xC3 0x82  ,0xC3,1,0x82,0,,0,,0,5,,,0xC3,0,,0,,,,0x,,1,194,,0xC2,1,,,,,,,1,&#194;,&#xc2;,&Acirc;,,,1,,,0,0,0,,1,0,0,,,0,1,1,1,0,0,0,,,,https://www.fileformat.info/info/unicode/char/00c2/index.htm,ALT+00C2; ALT+0194
×,,Multiplication sign,,,,,,,,1,158,,,,0xc3 0x97   ,0xc3 0x97,0,,0,,0,,0,4,,,,0,,0,,,,0x9E,,1,215,,0xD7,0,,,,,,,,,,,,,0,,,0,0,,,1,0,,,,0,0,0,0,0,0,0,,,,https://www.fileformat.info/info/unicode/char/00c3 0097/index.htm,
ƒ,,Function sign; f with hook sign; florin sign,,,,,,,,1,159,,,,   ,,0,,0,,0,,0,3,,,,0,,0,,,,0x9F,,1,131,,0x83,1,,,,,,,,,,,,,0,,,0,0,,,1,0,,,,0,0,1,0,0,1,0,,,,https://www.fileformat.info/info/unicode/char//index.htm,
Ç,,LATIN CAPITAL LETTER C WITH CEDILLA,,,,1,,,,1,199,,,,0xC3 0x87  ,0xC3,1,0x87,0,,0,,0,5,,,0xC3,0,,0,,,,0xC7,11000111,1,199,,0xC7,0,,,,,,,,,,,,,1,,,0,0,,,1,0,,,,0,0,0,0,0,0,0,,,,https://www.fileformat.info/info/unicode/char/00C3/index.htm,
¡,,INVERTED EXCLAMATION MARK,,,,,,,,1,161,,,,0xc2 0xa1   ,0xc2 0xa1,0,,0,,0,,0,4,,,,0,,0,,,,0xA1,,1,161,,0xA1,1,,,,,,,,,,,,,0,,,0,1,,,1,0,,,,0,0,1,0,1,0,0,,,https://en.wikipedia.org/wiki/Inverted_question_and_exclamation_marks,https://www.fileformat.info/info/unicode/char/00c2 00a1/index.htm,
É,,Latin Capital letter E with acute accent; E-acute,,,,1,,,,1,201,,,,0xc3 0x89  ,0xc3,1,0x89,0,,0,,0,5,,,0xc3,0,,0,,,,0x90,,1,201,,0xC9,0,,,,,,,,,,,,,1,,,0,0,,,1,0,,,,0,0,0,0,0,0,0,,,,https://www.fileformat.info/info/unicode/char/00c3/index.htm,
ú,,LATIN CAPITAL LETTER U WITH ACUTE,,,,1,,,,1,163,,,,0xc3 0x9a   ,0xc3 0x9a,0,,0,,0,,0,4,,,,0,,0,,,,0xA3,,1,250,,0xFA,0,,,,,,,,,,,,,1,,,0,0,,,1,0,,,,0,0,0,0,0,0,0,,,,https://www.fileformat.info/info/unicode/char/00c3 009a/index.htm,
¤,,CURRENCY SIGN,,,,,,,,1,164,0xA4,,,   ,,0,,0,,0,,0,3,,,,0,,0,,,,,,1,164,,0xA4,0,,,,,,,,,,,,,0,,,0,0,,,1,0,,,,0,1,0,0,0,0,0,,,,https://www.fileformat.info/info/unicode/char/00A4/index.htm,
¥,,YEN SIGN,,,,,,,,1,165,0xA5,,,   ,,0,,0,,0,,0,3,,,,0,,0,,,,,,1,165,,0xA5,0,,,,,,,,,,,,,0,,,0,0,,,1,0,,,,0,1,0,0,0,0,0,,,,https://www.fileformat.info/info/unicode/char/00A5/index.htm,
¦,,BROKEN BAR,,,,,,,,1,166,0xA6,,,   ,,0,,0,,0,,0,3,,,,0,,0,,,,,,1,166,,0xA6,0,,,,,,,,,,,,,0,,,0,,,,1,0,,,,0,1,0,0,0,0,0,,,,https://www.fileformat.info/info/unicode/char/00A6/index.htm,
§,,SECTION SIGN,,,,,,,,1,167,0xA7,,,   ,,0,,0,,0,,0,3,,,,0,,0,,,,,,1,167,,0xA7,1,,,,,,,,,,,,,0,,,0,1,,,1,0,,,,0,1,1,0,0,1,0,,,https://en.wikipedia.org/wiki/Section_sign,https://www.fileformat.info/info/unicode/char/00A7/index.htm,
¨,,DIAERESIS,,,,,,,,1,168,0xA8,,,   ,,0,,0,,0,,0,3,,,,0,,0,,,,,,1,168,,0xA8,1,,,,,,,,,,,,,0,,,0,,,,1,0,,,,0,1,1,0,0,1,0,,,,https://www.fileformat.info/info/unicode/char/00A8/index.htm,
Ø,,Capital slashed zero; empty set; Latin Captial Letter O with Stroke,,,,1,,,,1,216,,,,0xc3 0x98  ,0xc3,1,0x98,0,,0,,0,5,,,0xc3,0,,0,,,,0x9D,,1,216,,0xD8,0,,,,,,,,,,,,,1,,,0,0,,,1,0,0,,,0,0,0,0,0,0,0,,,,https://www.fileformat.info/info/unicode/char/00c3/index.htm,
ª,,FEMININE ORDINAL INDICATOR,,,,,,,,1,170,,,,0xc2 0xaa   ,0xc2 0xaa,0,,0,,0,,0,4,,,,0,,0,,,,0xA6,,1,170,,0xAA,0,,,,,,,,,,,,,0,,,0,,,,1,0,,,,0,0,0,0,0,0,0,,,,https://www.fileformat.info/info/unicode/char/00c2 00aa/index.htm,
«,,LEFT-POINTING DOUBLE ANGLE QUOTATION MARK; Guillemet,,,,,,,,1,171,,,,0xc2 0xab   ,0xc2 0xab,0,,0,,0,,0,4,,,,0,,0,,,,0xAE,,1,171,,0xAB,0,,,,,,,,,,,,,0,,,0,1,,,1,0,,,,0,0,0,0,0,0,0,,,https://en.wikipedia.org/wiki/Guillemet,https://www.fileformat.info/info/unicode/char/00c2 00ab/index.htm,
¬,,NOT SIGN,,,,,,,,1,172,,,,0xc2 0xac   ,0xc2 0xac,0,,0,,0,,0,4,,,,0,,0,,,,0xAA,,1,172,,0xAC,1,,,,,,,,,,,,,0,,,0,,,,1,0,,,,0,0,1,0,0,1,0,,,,https://www.fileformat.info/info/unicode/char/00c2 00ac/index.htm,
­,,SOFT HYPHEN,,,,,,,,1,173,0xAD,,,   ,,0,,0,,0,,0,3,,,,0,,0,,,,,,1,173,,0xAD,0,,,,,,,,,,,,,0,,,0,,,,1,0,,,,0,1,0,0,0,0,0,,,,https://www.fileformat.info/info/unicode/char/00AD/index.htm,
®,,REGISTERED SIGN,,,,,,,,1,174,0xAE,,,   ,,0,,0,,0,,0,3,,,,0,,0,,,,,,1,174,,0xAE,0,,,,,,,,,,,,,0,,,0,0,,,1,0,,,,0,1,0,0,0,0,0,,,,https://www.fileformat.info/info/unicode/char/00AE/index.htm,
¯,,MACRON,,,,,,,,1,175,0xAF,,,   ,,0,,0,,0,,0,3,,,,0,,0,,,,,,1,175,,0xAF,1,,,,,,,,,,,,,0,,,0,,,,1,0,,,,0,1,1,0,0,1,0,,,,https://www.fileformat.info/info/unicode/char/00AF/index.htm,
±,,PLUS-MINUS SIGN,,,,,,,,1,177,,,,0xc2 0xb1   ,0xc2 0xb1,0,,0,,0,,0,4,,,,0,,0,,,,0xF1,,1,177,,0xB1,0,,,,,,,,,,,,,0,,,0,0,,,1,0,,,,0,0,0,0,0,0,0,,,,https://www.fileformat.info/info/unicode/char/00c2 00b1/index.htm,
²,,SUPERSCRIPT TWO,,,,,,,,1,178,,,,0xc2 0xb2   ,0xc2 0xb2,0,,0,,0,,0,4,,,,0,,0,,,,0xFD,,1,178,,0xB2,0,,,,,,,,,,,,,0,,,1,,,,1,0,,,,0,0,0,0,0,0,0,,,,https://www.fileformat.info/info/unicode/char/00c2 00b2/index.htm,
³,,SUPERSCRIPT THREE,,,,,,,,1,179,0x9E,,,   ,,0,,0,,0,,0,3,,,,0,,0,,,,,,1,179,,0x9E,0,,,,,,,,,,,,,0,,,1,,,,1,0,,,,0,1,0,0,0,0,0,,,,https://www.fileformat.info/info/unicode/char/009E/index.htm,
´,,ACUTE ACCENT,,,,,,,,1,180,0x9F,,,   ,,0,,0,,0,,0,3,,,,0,,0,,,,,,1,180,,0x9F,1,,,,,,,,,,,,,0,,,0,,,,1,0,,,,0,1,1,0,0,1,0,,,,https://www.fileformat.info/info/unicode/char/009F/index.htm,
¶,,PILCROW SIGN; paragraph mark; paragraph sign; paraph; alinea;  blind P,,,,,,,,1,182,0xB6,,,   ,,0,,0,,0,,0,3,,,,0,,0,,,,,,1,182,,0xB6,0,,,,,,,,,,,,,0,,,0,1,,,1,0,,,,0,1,0,0,0,0,0,,,https://en.wikipedia.org/wiki/Pilcrow,https://www.fileformat.info/info/unicode/char/00B6/index.htm,
¸,,CEDILLA,,,,,,,,1,184,0xB8,,,   ,,0,,0,,0,,0,3,,,,0,,0,,,,,,1,184,,0xB8,0,,,,,,,,,,,,,0,,,0,,,,1,0,,,,0,1,0,0,0,0,0,,,,https://www.fileformat.info/info/unicode/char/00B8/index.htm,
¹,,SUPERSCRIPT ONE,,,,,,,,1,185,0xB9,,,   ,,0,,0,,0,,0,3,,,,0,,0,,,,,,1,185,,0xB9,1,,,,,,,,,,,,,0,,,1,,,,1,0,,,,0,1,1,0,1,0,0,,,,https://www.fileformat.info/info/unicode/char/00B9/index.htm,
º,,MASCULINE ORDINAL INDICATOR,,,,,,,,1,186,,,,0xc2 0xba   ,0xc2 0xba,0,,0,,0,,0,4,,,,0,,0,,,,0xA7,,1,186,,0xBA,0,,,,,,,,,,,,,0,,,0,,,,1,0,0,,,0,0,0,0,0,0,0,,,,https://www.fileformat.info/info/unicode/char/00c2 00ba/index.htm,
»,,RIGHT-POINTING DOUBLE ANGLE QUOTATION MARK,,,,,,,,1,187,,,,0xc2 0xbb   ,0xc2 0xbb,0,,0,,0,,0,4,,,,0,,0,,,,0xAF,,1,187,,0xBB,0,,,,,,,,,,,,,0,,,0,1,,,1,0,,,,0,0,0,0,0,0,0,,,https://en.wikipedia.org/wiki/Guillemet,https://www.fileformat.info/info/unicode/char/00c2 00bb/index.htm,
¼,,VULGAR FRACTION ONE QUARTER,,,,,,,,1,188,,,,0xc2 0xbc   ,0xc2 0xbc,0,,0,,0,,0,4,,,,0,,0,,,,0xAC,,1,188,,0xBC,1,,,,,,,,,,,,,0,,,1,0,,,1,0,,,,0,0,1,0,1,0,0,,,,https://www.fileformat.info/info/unicode/char/00c2 00bc/index.htm,
ó,,Latin Small letter o with acute accent; o-acute,,,,0,,,,1,243,,,,0xc3 0x93  ,0xc3,1,0x93,0,,0,,0,5,,,0xc3,0,,0,,,,0xA2,,1,243,,0xF3,0,,,,,,,,,,,,,1,,,0,0,,,1,0,,,,0,0,0,0,0,0,0,,,,https://www.fileformat.info/info/unicode/char/00c3/index.htm,
¾,,VULGAR FRACTION THREE QUARTERS,,,,,,,,1,190,0xBE,,,   ,,0,,0,,0,,0,3,,,,0,,0,,,,,,1,190,,0xBE,0,,,,,,,,,,,,,0,,,1,0,,,1,0,,,,0,1,0,0,0,0,0,,,,https://www.fileformat.info/info/unicode/char/00BE/index.htm,
¿,,INVERTED QUESTION MARK,,,,,,,,1,191,,,,0xc2 0xbf   ,0xc2 0xbf,0,,0,,0,,0,4,,,,0,,0,,,,0xA8,,1,191,,0xBF,1,,,,,,,,,,,,,0,,,0,1,,,1,0,,,,0,0,1,0,1,1,0,,,https://en.wikipedia.org/wiki/Inverted_question_and_exclamation_marks,https://www.fileformat.info/info/unicode/char/00c2 00bf/index.htm,
À,,LATIN CAPITAL LETTER A WITH GRAVE,,,,1,,,,1,192,0xC0,,,   ,,0,,0,,0,,0,3,,,,0,,0,,,,,,1,192,,0xC0,0,,,,,,,,,,,,,1,,,0,0,,,1,0,,,,0,1,0,0,0,0,0,,,,https://www.fileformat.info/info/unicode/char/00C0/index.htm,
Á,,LATIN CAPITAL LETTER A WITH ACUTE,,,,1,,,,1,193,0xC1,,,   ,,0,,0,,0,,0,3,,,,0,,0,,,,,,1,193,,0xC1,0,,,,,,,,,,,,,1,,,0,0,,,1,0,,,,0,1,0,0,0,0,0,,,,https://www.fileformat.info/info/unicode/char/00C1/index.htm,
û,,Latin Small letter u with circumflex accent; u-circumflex,,,,0,,,,1,251,00FB,,,0xC3 0x9B  ,0xC3,1,0x9B,0,,0,,0,5,,,0xC3,0,,0,,,,0x96,,1,251,,0xFB,0,,,,,,,,,,,,,1,,,0,0,,,1,0,,,,0,0,0,0,0,0,0,,,,https://www.fileformat.info/info/unicode/char/00C3/index.htm,
Ã,,LATIN CAPITAL LETTER A WITH TILDE,,,,1,,,,1,195,0xC3,,,   ,,0,,0,,0,,0,3,,,,0,,0,,,,,,1,195,,0xC3,1,,,,,,,,,,,,,1,,,0,0,,,1,0,,,,0,1,1,1,0,0,0,,,,https://www.fileformat.info/info/unicode/char/00C3/index.htm,
Š,,LATIN CAPITAL LETTER S WITH CARON,,,,1,,,,1,352,,,,0xC5 0xA0  ,0xC5,1,0xA0,1,,0,,0,5,,,0xC5;0xA0,1,,0,,,,,,1,138,,0x8A,1,,,,,,,,,,,,,1,,,0,0,,,1,0,,,,0,1,1,0,0,1,0,,,,https://www.fileformat.info/info/unicode/char/0160/index.htm,
È,,LATIN CAPITAL LETTER E WITH GRAVE,,,,1,,,,1,200,0xC8,,,   ,,0,,0,,0,,0,3,,,,0,,0,,,,,,1,200,,0xC8,0,,,,,,,,,,,,,1,,,0,0,,,1,0,,,,0,1,0,0,0,0,0,,,,https://www.fileformat.info/info/unicode/char/00C8/index.htm,
š,,LATIN SMALL LETTER S WITH CARON,,,,0,,,,1,353,,,,0xC5 0xA1  ,0xC5,1,0xA1,1,,0,,0,5,,,0xC5;0xA1,1,,0,,,,,,1,154,,0x9A,1,,,,,,,,,,,,,1,,,0,0,,,1,0,,,,0,1,1,0,1,0,0,,,,https://www.fileformat.info/info/unicode/char/0161/index.htm,
Ê,,latin Capital letter e with circumflex accent; e-circumflex,,,,1,,,,1,202,0xCA,,,   ,,0,,0,,0,,0,3,,,,0,,0,,,,,,1,202,,0xCA,0,,,,,,,,,,,,,1,,,0,0,,,1,0,0,,,0,1,0,0,0,0,0,,,,https://www.fileformat.info/info/unicode/char/00CA/index.htm,
Ë,,latin capital letter e with umlaut/diaeresis; e-umlauts,,,,1,,,,1,203,0xCB,,,   ,,0,,0,,0,,0,3,,,,0,,0,,,,,,1,203,,0xCB,0,,,,,,,,,,,,,1,,,0,0,,,1,0,0,,,0,1,0,0,0,0,0,,,,https://www.fileformat.info/info/unicode/char/00CB/index.htm,
Ì,,latin capital letter i with grave accent ,,,,1,,,,1,204,0xCC,,,   ,,0,,0,,0,,0,3,,,,0,,0,,,,,,1,204,,0xCC,0,,,,,,,,,,,,,1,,,0,0,,,1,0,0,,,0,1,0,0,0,0,0,,,,https://www.fileformat.info/info/unicode/char/00CC/index.htm,
Í,,LATIN Capital LETTER I WITH ACUTE,,,,1,,,,1,205,0xCD,,,   ,,0,,0,,0,,0,3,,,,0,,0,,,,,,1,205,,0xCD,0,,,,,,,,,,,,,1,,,0,0,,,1,0,0,,,0,1,0,0,0,0,0,,,,https://www.fileformat.info/info/unicode/char/00CD/index.htm,
Î,,latin captial letter i with circumflex accent; i-circumflex ,,,,,,,,1,206,0xCE,,,   ,,0,,0,,0,,0,3,,,,0,,0,,,,,,1,206,,0xCE,1,,,,,,,,,,,,,1,,,0,0,,,1,0,0,,,0,1,1,1,0,0,0,,,,https://www.fileformat.info/info/unicode/char/00CE/index.htm,
Ï,,latin capital letter i with umlaut or diaeresis ; i-umlaut,,,,1,,,,1,207,0xCF,,,   ,,0,,0,,0,,0,3,,,,0,,0,,,,,,1,207,,0xCF,0,,,,,,,,,,,,,1,,,0,0,,,1,0,0,,,0,1,0,0,0,0,0,,,,https://www.fileformat.info/info/unicode/char/00CF/index.htm,
Ð,,LATIN Capital LETTER ETH,,,,1,,,,1,208,0xD0,,,   ,,0,,0,,0,,0,3,,,,0,,0,,,,,,1,208,,0xD0,0,,,,,,,,,,,,,1,,,0,0,,,1,0,0,,,0,1,0,0,0,0,0,,,,https://www.fileformat.info/info/unicode/char/00D0/index.htm,
Ñ,,LATIN CAPITAL LETTER N WITH TILDE,,,,1,,,,1,209,,,,0xc3 0x91   ,0xc3 0x91,0,,0,,0,,0,4,,,,0,,0,,,,0xA5,,1,209,,0xD1,0,,,,,,,,,,,,,1,,,0,0,,,1,0,,,,0,0,0,0,0,0,0,,,,https://www.fileformat.info/info/unicode/char/00c3 0091/index.htm,
Ò,,LATIN CAPITAL LETTER O WITH GRAVE,,,,1,,,,1,210,0xD2,,,   ,,0,,0,,0,,0,3,,,,0,,0,,,,,,1,210,,0xD2,0,,,,,,,,,,,,,1,,,0,0,,,1,0,,,,0,1,0,0,0,0,0,,,,https://www.fileformat.info/info/unicode/char/00D2/index.htm,
Ó,,LATIN CAPITAL LETTER O WITH ACUTE,,,,1,,,,1,211,0xD3,,,   ,,0,,0,,0,,0,3,,,,0,,0,,,,,,1,211,,0xD3,0,,,,,,,,,,,,,1,,,0,0,,,1,0,,,,0,1,0,0,0,0,0,,,,https://www.fileformat.info/info/unicode/char/00D3/index.htm,
Ô,,LATIN CAPITAL LETTER O WITH CIRCUMFLEX,,,,1,,,,1,212,0xD4,,,   ,,0,,0,,0,,0,3,,,,0,,0,,,,,,1,212,,0xD4,0,,,,,,,,,,,,,1,,,0,0,,,1,0,,,,0,1,0,0,0,0,0,,,,https://www.fileformat.info/info/unicode/char/00D4/index.htm,
Õ,,LATIN CAPITAL LETTER O WITH TILDE,,,,1,,,,1,213,0xD5,,,   ,,0,,0,,0,,0,3,,,,0,,0,,,,,,1,213,,0xD5,0,,,,,,,,,,,,,1,,,0,0,,,1,0,,,,0,1,0,0,0,0,0,,,,https://www.fileformat.info/info/unicode/char/00D5/index.htm,
▒,,Medium Shade,,,,,,,,1,9618,,,,0xE2 0x96 0x92 ,0xE2,1,0x96,0,0x92,0,,0,6,,,0xE2,0,,0,177,,,0xB1,,0,,,,0,,,,,,,,,,,,,0,,,0,,,,1,0,0,,,0,0,0,0,0,0,0,,,,https://www.fileformat.info/info/unicode/char/2592/index.htm;https://www.codetable.net/decimal/9618,
Ù,,LATIN CAPITAL LETTER U WITH GRAVE,,,,1,,,,1,217,0xD9,,,   ,,0,,0,,0,,0,3,,,,0,,0,,,,,,1,217,,0xD9,0,,,,,,,,,,,,,1,,,0,0,,,1,0,,,,0,1,0,0,0,0,0,,,,https://www.fileformat.info/info/unicode/char/00D9/index.htm,
Ú,,Latin Capital Letter U with acute,,,,1,,,,1,218,0xDA,,,   ,,0,,0,,0,,0,3,,,,0,,0,,,,,,1,218,,0xDA,0,,,,,,,,,,,,,1,,,0,0,,,1,0,0,,,0,1,0,0,0,0,0,,,,https://www.fileformat.info/info/unicode/char/00DA/index.htm,
Û,,Latin Capital Letter U with Circumflex,,,,1,,,,1,219,0xDB,,,   ,,0,,0,,0,,0,3,,,,0,,0,,,,,,1,219,,0xDB,0,,,,,,,,,,,,,1,,,0,0,,,1,0,0,,,0,1,0,0,0,0,0,,,,https://www.fileformat.info/info/unicode/char/00DB/index.htm,
Ý,,LATIN CAPITAL LETTER Y WITH ACUTE,,,,1,,,,1,221,0xDD,,,   ,,0,,0,,0,,0,3,,,,0,,0,,,,,,1,221,,0xDD,0,,,,,,,,,,,,,1,,,0,0,,,1,0,,,,0,1,0,0,0,0,0,,,,https://www.fileformat.info/info/unicode/char/00DD/index.htm,
Þ,,LATIN CAPITAL LETTER THORN,,,,1,,,,1,222,0xDE,,,   ,,0,,0,,0,,0,3,,,,0,,0,,,,,,1,222,,0xDE,0,,,,,,,,,,,,,1,,,0,0,,,1,0,,,,0,1,0,0,0,0,0,,,,https://www.fileformat.info/info/unicode/char/00DE/index.htm,
ß,,LATIN SMALL LETTER SHARP S,,,,0,,,,1,223,,,,0xc3 0x9f   ,0xc3 0x9f,0,,0,,0,,0,4,,,,0,,0,,,,0xE1,,1,223,,0xDF,0,,,,,,,,,,,,,1,,,0,0,,,1,0,,,,0,0,0,0,0,0,0,,,,https://www.fileformat.info/info/unicode/char/00c3 009f/index.htm,
à,,latin small letter a with grave accent,,,,0,,,,1,224,0xE0,,,0xc3 0x80   ,0xc3 0x80,0,,0,,0,,0,4,,,,0,,0,,,,0x85,,1,224,,0xE0,0,,,,,,,,,,,,,1,,,0,0,,,1,0,,,,0,0,0,0,0,0,0,,,,https://www.fileformat.info/info/unicode/char/00E0/index.htm,
á,,latin Small letter a with acute accent; a-acute,,,,0,,,,1,225,,,,0xc3 0x81   ,0xc3 0x81,0,,0,,0,,0,4,,,,0,,0,,,,0xA0,,1,225,,0xE1,1,,,,,,,,,,,,,1,,,0,0,,,1,0,,,,0,0,1,1,0,0,0,,,,https://www.fileformat.info/info/unicode/char/00c3 0081/index.htm,
ã,,LATIN CAPITAL LETTER A WITH TILDE,,,,1,,,,1,227,0xE3,,,   ,,0,,0,,0,,0,3,,,,0,,0,,,,,,1,227,,0xE3,1,,,,,,,,,,,,,1,,,0,0,,,1,0,,,,0,1,1,1,0,0,0,,,,https://www.fileformat.info/info/unicode/char/00E3/index.htm,
µ,,MICRO SIGN,,,,,,,,1,230,,,,0xc2 0xb5   ,0xc2 0xb5,0,,0,,0,,0,4,,,,0,,0,,,,0xE6,,1,181,,0xB5,0,,,,,,,,,,,,,1,,,0,0,,,1,0,,,,0,0,0,0,0,0,0,,,,https://www.fileformat.info/info/unicode/char/00c2 00b5/index.htm,
í,,LATIN Small LETTER I WITH ACUTE,,,,0,,,,1,237,0xED,,,   ,,0,,0,,0,,0,3,,,,0,,0,,,,,,1,237,,0xED,0,,,,,,,,,,,,,1,,,0,0,,,1,0,,,,0,1,0,0,0,0,0,,,,https://www.fileformat.info/info/unicode/char/00ED/index.htm,
ð,,LATIN Small LETTER ETH,,,,0,,,,1,240,0xF0,,,   ,,0,,0,,0,,0,3,,,,0,,0,,,,,,1,240,,0xF0,1,,,,,,,,,,,,,1,,,0,0,,,1,0,,,,0,1,1,1,0,0,0,,,,https://www.fileformat.info/info/unicode/char/00F0/index.htm,
ñ,,LATIN Small LETTER N WITH TILDE,,,,0,,,,1,241,,,,0xc3 0x91   ,0xc3 0x91,0,,0,,0,,0,4,,,,0,,0,,,,0xA4,,1,241,,0xF1,0,,,,,,,,,,,,,1,,,0,0,,,1,0,,,,0,0,0,0,0,0,0,,,,https://www.fileformat.info/info/unicode/char/00c3 0091/index.htm,
▓,,Dark Shade,,,,,,,,1,9619,,,,0xE2 0x96 0x93 ,0xE2,1,0x96,0,0x93,0,,0,6,,,0xE2,0,,0,178,,,0xB2,,0,,,,0,,,,,,,,,,,,,0,,,0,0,,,1,0,0,,,0,0,0,0,0,0,0,,,,https://www.fileformat.info/info/unicode/char/2593/index.htm;https://www.codetable.net/decimal/9619,
õ,,LATIN CAPITAL LETTER O WITH TILDE,,,,1,,,,1,245,0xF5,,,   ,,0,,0,,0,,0,3,,,,0,,0,,,,,,1,245,,0xF5,0,,,,,,,,,,,,,1,,,0,0,,,1,0,,,,0,1,0,0,0,0,0,,,,https://www.fileformat.info/info/unicode/char/00F5/index.htm,
÷,,DIVISION SIGN,,,,,,,,1,246,,,,0xc3 0xb7   ,0xc3 0xb7,0,,0,,0,,0,4,,,,0,,0,,,,0xF6,,1,247,,0xF7,0,,,,,,,,,,,,,0,,,0,0,,,1,0,,,,0,0,0,0,0,0,0,,,,https://www.fileformat.info/info/unicode/char/00c3 00b7/index.htm,
°,,DEGREE SIGN,,,,,,,,1,248,,,,0xc2 0xb0   ,0xc2 0xb0,0,,0,,0,,0,4,,,,0,,0,,,,0xF8,,1,176,,0xB0,0,,,,,,,,,,,,,0,,,0,,,,1,0,,,,0,0,0,0,0,0,0,,,,https://www.fileformat.info/info/unicode/char/00c2 00b0/index.htm,
·,,MIDDLE DOT; interpunct; interpoint; middot; centered dot; centred dot,,,,,,,,1,250,,,,0xc2 0xb7   ,0xc2 0xb7,0,,0,,0,,0,4,,,,0,,0,,,,0xFA,,1,183,,0xB7,0,,,,,,,,,,,,,0,,,0,1,,,1,0,,,,0,0,0,0,0,0,0,,,https://en.wikipedia.org/wiki/Interpunct,https://www.fileformat.info/info/unicode/char/00c2 00b7/index.htm,
│,,BOX DRAWINGS LIGHT VERTICAL,,,,,,,,1,9474,,,,0xE2 0x94 0x82 ,0xE2,1,0x94,0,0x82,0,,0,6,,,0xE2,0,,0,179,,,0xB3,,0,,,,0,,,,,,,,,,,,,0,,,0,0,,,1,0,0,,,0,0,0,0,0,0,0,,,,https://www.fileformat.info/info/unicode/char/2502/index.htm;https://www.codetable.net/decimal/9474,
ü,,latin small letter u with umlaut/diaeresis,,,,0,,,,1,252,,,,0xc3 0x9c   ,0xc3 0x9c,0,,0,,0,,0,4,,,,0,,0,,,,0x81,,1,252,,0xFC,0,,,,,,,,,,,,,1,,,0,0,,,1,0,,,,0,0,0,0,0,0,0,,,,https://www.fileformat.info/info/unicode/char/00c3 009c/index.htm,
ý,,LATIN CAPITAL LETTER Y WITH ACUTE,,,,1,,,,1,253,0xFD,,,   ,,0,,0,,0,,0,3,,,,0,,0,,,,,,1,253,,0xFD,0,,,,,,,,,,,,,1,,,0,0,,,1,0,,,,0,1,0,0,0,0,0,,,,https://www.fileformat.info/info/unicode/char/00FD/index.htm,
þ,,LATIN CAPITAL LETTER THORN,,,,1,,,,1,254,0xFE,,,   ,,0,,0,,0,,0,3,,,,0,,0,,,,,,1,254,,0xFE,0,,,,,,,,,,,,,1,,,0,0,,,1,0,,,,0,1,0,0,0,0,0,,,,https://www.fileformat.info/info/unicode/char/00FE/index.htm,
Œ,,LATIN CAPITAL LIGATURE OE,,,,1,,,,1,338,0x152,,,   ,,0,,0,,0,,0,3,,,,0,,0,,,,,,1,140,,0x8C,0,,,,,,,,,,,,,1,,,0,0,,,1,0,0,,,0,1,0,0,0,0,0,,,,https://www.fileformat.info/info/unicode/char/0152/index.htm,
œ,,LATIN Small LIGATURE OE,,,,0,,,,1,339,0x153,,,   ,,0,,0,,0,,0,3,,,,0,,0,,,,,,1,156,,0x9C,0,,,,,,,,,,,,,1,,,0,0,,,1,0,0,,,0,1,0,0,0,0,0,,,,https://www.fileformat.info/info/unicode/char/00153/index.htm,
╧,,BOX DRAWINGS UP SINGLE AND HORIZONTAL DOUBLE,,,,,,,,1,9575,,,,0xE2 0x95 0xA7 ,0xE2,1,0x95,0,0xA7,1,,0,6,,,0xE2;0xA7,1,,0,207,,,0xCF,,0,,,,0,,,,,,,,,,,,,0,,,0,0,,,1,0,0,,,0,0,0,0,0,0,0,,,,https://www.fileformat.info/info/unicode/char/2567/index.htm;https://www.codetable.net/decimal/9575,
ⁿ,,SUPERSCRIPT LATIN SMALL LETTER N,,,,,,,,1,8319,,,,0xE2 0x81 0xBF ,0xE2,1,0x81,0,0xBF,1,,0,6,,,0xE2;0xBF,1,,0,252,,,0xFC,,0,,,,0,,,,,,,,&#8319;,&#x207f;,,,,0,,,0,0,,,1,0,,,,0,0,0,0,0,0,0,,,,https://www.fileformat.info/info/unicode/char/207f/index.htm,
Ÿ,,LATIN CAPITAL LETTER Y WITH DIAERESIS,,,,1,,,,1,376,0x178,,,   ,,0,,0,,0,,0,3,,,,0,,0,,,,,,1,159,,0x9F,1,,,,,,,,,,,,,1,0,0,0,0,,0,1,0,0,0,0,0,1,1,0,0,1,0,,,,https://www.fileformat.info/info/unicode/char/00178/index.htm,
Ž,,LATIN CAPITAL LETTER Z WITH CARON,,,,1,,,,1,381,0x17D,,,   ,,0,,0,,0,,0,3,,,,0,,0,,,,,,1,142,,0x8E,0,,,,,,,,,,,,,1,,,0,0,,,1,0,,,,0,1,0,0,0,0,0,,,,https://www.fileformat.info/info/unicode/char/0017D/index.htm,
ž,,LATIN CAPITAL LETTER Z WITH CARON,,,,1,,,,1,382,0x17E,,,   ,,0,,0,,0,,0,3,,,,0,,0,,,,,,1,158,,0x9E,0,,,,,,,,,,,,,1,,,0,0,,,1,0,,,,0,1,0,0,0,0,0,,,,https://www.fileformat.info/info/unicode/char/0017E/index.htm,
ˆ,,MODIFIER LETTER CIRCUMFLEX ACCENT,,,,,,,,1,710,0x2C6,,,   ,,0,,0,,0,,0,3,,,,0,,0,,,,,,1,136,,0x88,1,,,,,,,,,,,,,0,,,0,,,,1,0,,,,0,1,1,0,0,1,0,,,,https://www.fileformat.info/info/unicode/char/002C6/index.htm,
˜,,SMALL TILDE,,,,,,,,1,732,0x2DC,,,   ,,0,,0,,0,,0,3,,,,0,,0,,,,,,1,152,,0x98,1,,,,,,,,,,,,,0,,,0,,,,1,0,,,,0,1,1,0,1,0,0,,,,https://www.fileformat.info/info/unicode/char/002DC/index.htm,
,,mongolian vowel separator,,,,,,,,1,6158,,U+180E,,   ,,0,,0,,0,,0,3,,,,0,,0,,,,,,0,,,,0,,,,,,,,,,,,,,,,,,,,,,,,,0,1,0,0,0,0,0,,,,https://www.fileformat.info/info/unicode/char/180e/index.htm,
,,zero width space,,,,,,,,1,8203,,U+200B,,   ,,0,,0,,0,,0,3,,,,0,,0,,,,,,0,,,,0,,,,,,,,,,,,,,,,,,0,0,0,,,0,0,0,1,0,0,0,0,0,,,,https://www.fileformat.info/info/unicode/char/200b/browsertest.htm,
xxx,,zero width non-joiner,,,,,,,,1,8204,,U+200C,,   ,,0,,0,,0,,0,3,,,,0,,0,,,,,,0,,,,0,,,,,,,,,,,0,,,,,,,,,0,,,,,0,1,0,0,0,0,0,,,,https://www.fileformat.info/info/unicode/char/200c/browsertest.htm,
xxx,,zero width joiner,,,,,,,,1,8205,,U+200D,,   ,,0,,0,,0,,0,3,,,,0,,0,,,,,,0,,,,0,,,,,,,,,,,0,0,0,0,0,0,1,0,0,0,,,,0,0,1,0,0,0,0,0,,,,https://www.fileformat.info/info/unicode/char/200d/index.htm,
–,,EN DASH,,,,,,,,1,8211,0x2013,,,   ,,0,,0,,0,,0,3,,,,0,,0,,,,,,1,150,,0x96,1,,,,,,,,,,,,,0,,,0,1,,,1,0,,,,0,1,1,0,1,0,0,,,,https://www.fileformat.info/info/unicode/char/002013/index.htm,
—,,EM DASH,,,,,,,,1,8212,0x2014,,,   ,,0,,0,,0,,0,3,,,,0,,0,,,,,,1,151,,0x97,0,,,,,,,,,,,,,0,,,0,1,,,1,0,,,,0,1,0,0,0,0,0,,,,https://www.fileformat.info/info/unicode/char/002014/index.htm,
‘,,LEFT SINGLE QUOTATION MARK,,,,,,,,1,8216,0x2018,,,   ,,0,,0,,0,,0,3,,,,0,,0,,,,,,1,145,,0x91,1,,,,,,,,,,,,,0,,,0,1,,,1,0,,,,0,1,1,0,0,1,0,,,,https://www.fileformat.info/info/unicode/char/002018/index.htm,
’,,RIGHT SINGLE QUOTATION MARK,,,,,,,,1,8217,0x2019,,,   ,,0,,0,,0,,0,3,,,,0,,0,,,,,,1,146,,0x92,1,,,,,,,,,,,,,0,,,0,1,,,1,0,,,,0,1,1,0,0,1,0,,,,https://www.fileformat.info/info/unicode/char/002019/index.htm,
‚,,SINGLE LOW-9 QUOTATION MARK,,,,,,,,1,8218,0x201A,,,   ,,0,,0,,0,,0,3,,,,0,,0,,,,,,1,130,,0x82,1,,,,,,,,,,,,,0,,,0,1,,,1,0,,,,0,1,1,0,1,1,0,,,,https://www.fileformat.info/info/unicode/char/00201A/index.htm,
“,,LEFT DOUBLE QUOTATION MARK,,,,,,,,1,8220,0x201C,,,   ,,0,,0,,0,,0,3,,,,0,,0,,,,,,1,147,,0x93,1,,,,,,,,,,,,,0,,,0,1,,,1,0,,,,0,1,1,0,1,1,0,,,,https://www.fileformat.info/info/unicode/char/00201C/index.htm,
”,,RIGHT DOUBLE QUOTATION MARK,,,,,,,,1,8221,0x201D,,,   ,,0,,0,,0,,0,3,,,,0,,0,,,,,,1,148,,0x94,1,,,,,,,,,,,,,0,,,0,1,,,1,0,,,,0,1,1,0,1,0,0,,,,https://www.fileformat.info/info/unicode/char/00201D/index.htm,
„,,DOUBLE LOW-9 QUOTATION MARK,,,,,,,,1,8222,0x201E,,,   ,,0,,0,,0,,0,3,,,,0,,0,,,,,,1,132,,0x84,1,,,,,,,,,,,,,0,,,0,1,,,1,0,,,,0,1,1,0,0,1,0,,,,https://www.fileformat.info/info/unicode/char/00201E/index.htm,
†,,Dagger; obelisk; obelus,,,,,,,,1,8224,0x2020,,,   ,,0,,0,,0,,0,3,,,,0,,0,,,,,,1,134,,0x86,1,,,,,,,,,,,,,0,,,0,1,,,1,0,,,,0,1,1,0,0,1,0,,,https://en.wikipedia.org/wiki/Dagger_(typography);,https://www.fileformat.info/info/unicode/char/002020/index.htm,
‡,,DOUBLE DAGGER,,,,,,,,1,8225,0x2021,,,   ,,0,,0,,0,,0,3,,,,0,,0,,,,,,1,135,,0x87,1,,,,,,,,,,,,,0,,,0,1,,,1,0,,,,0,1,1,0,1,1,0,,,,https://www.fileformat.info/info/unicode/char/002021/index.htm,
•,,Bullet,,,,,,,,1,8226,0x2022,,,   ,,0,,0,,0,,0,3,,,,0,,0,,,,,,1,149,,0x95,1,,,,,,,,,,,,,0,,,0,1,,,1,0,,,,0,1,1,0,1,0,0,,,,https://www.fileformat.info/info/unicode/char/002022/index.htm,
…,,HORIZONTAL ELLIPSIS,,,,,,,,1,8230,0x2026,,,   ,,0,,0,,0,,0,3,,,,0,,0,,,,,,1,133,,0x85,1,,,,,,,,,,,,,0,,,0,1,,,1,0,,,,0,1,1,0,1,1,0,,,,https://www.fileformat.info/info/unicode/char/002026/index.htm,
‰,,PER MILLE SIGN,,,,,,,,1,8240,0x2030,,,   ,,0,,0,,0,,0,3,,,,0,,0,,,,,,1,137,,0x89,1,,,,,,,,,,,,,0,,,0,1,,,1,0,,,,0,1,1,0,1,1,0,,,https://en.wikipedia.org/wiki/Per_mille,https://www.fileformat.info/info/unicode/char/002030/index.htm,
‹,,SINGLE LEFT-POINTING ANGLE QUOTATION MARK; Guillemet,,,,,,,,1,8249,0x2039,,,   ,,0,,0,,0,,0,3,,,,0,,0,,,,,,1,139,,0x8B,0,,,,,,,,,,,,,0,,,0,1,,,1,0,,,,0,1,0,0,0,0,0,,,,https://www.fileformat.info/info/unicode/char/002039/index.htm,
›,,SINGLE RIGHT-POINTING ANGLE QUOTATION MARK; Guillemet,,,,,,,,1,8250,0x203A,,,   ,,0,,0,,0,,0,3,,,,0,,0,,,,,,1,155,,0x9B,1,,,,,,,,,,,,,0,,,0,1,,,1,0,,,,0,1,1,0,1,0,0,,,,https://www.fileformat.info/info/unicode/char/00203A/index.htm,
xxx,,Word Joiner,,,"Encoded in Unicode since version 3.2. The word-joiner does not produce any space, and prohibits a line break at its position.",,,,,1,8288,"	0x2060",U+2060,,0xE2 0x81 0xA0,0xE2,0,0x81,0,0xA0,0,,0,3,,,,0,,0,,,,,,0,,,,0,,,,,,,,,,,0,0,0,0,0,0,1,0,0,0,0,,,0,0,1,0,0,0,0,0,,,,https://www.fileformat.info/info/unicode/char/2060/index.htm,
₠,,EURO-CURRENCY SIGN,,,,,,,,1,8352,,,,   ,,0,,0,,0,,0,3,,,,0,,0,,,,,,0,,,,0,,,,,,,,,,,,,,,,,,,,1,,,,,0,1,0,0,0,0,0,,,,,
€,,Euro Sign,,,,,,,,1,8364,0x20AC,,,0xE2 0x82 0xAC ,0xE2,1,0x82,0,0xAC,1,,0,6,,,0xE2;0xAC,1,,0,,,,,,1,128,,0x80,1,,,,,,,,,,,,,0,,,0,0,1,,1,0,0,,,0,1,1,1,1,1,0,,,,https://www.fileformat.info/info/unicode/char/20ac/index.htm,
™,,TRADE MARK SIGN,,,,,,,,1,8482,0x2122,,,   ,,0,,0,,0,,0,3,,,,0,,0,,,,,,1,153,,0x99,0,,,,,,,,,,,,,0,,,0,0,,,1,0,,,,0,1,0,0,0,0,0,,,,https://www.fileformat.info/info/unicode/char/002122/index.htm,
⌐,,REVERSED NOT SIGN,,,,,,,,1,8976,,,,   ,,0,,0,,0,,0,3,,,,0,,0,,,,,,0,,,,0,,,,,,,,,,,,,,,,0,,,,1,0,,,,0,1,0,0,0,0,0,,,,https://www.fileformat.info/info/unicode/char//index.htm,
▀,,UPPER HALF BLOCK,,,,,,,,1,9600,,,,   ,,0,,0,,0,,0,3,,,,0,,0,,,,,,0,,,,0,,,,,,,,,,,,,0,,,0,,,,1,0,0,,,0,1,0,0,0,0,0,,,,https://www.fileformat.info/info/unicode/char//index.htm,Alt+2580; Alt+223
░,,Light Shade,,,25% Shade,,,,,1,9617,,,,0xE2 0x96 0x91 ,0xE2,1,0x96,0,0x91,0,,0,6,,,0xE2,0,,0,,,,,,0,,,,0,,,,,,,,&#9617;,&#x2591;,,,,0,,,0,,,,1,0,0,,,0,1,0,0,0,0,0,,,,https://www.fileformat.info/info/unicode/char/00E2/index.htm,Alt+2591; Alt+176
■,,Black Square,,,,,,,,1,9632,,,,0xE2 0x96 0xA0 ,0xE2,1,0x96,0,0xA0,1,,0,6,,,0xE2;0xA0,1,,0,,,,,,0,,,,0,,,,,,,,&#9632;,&#x25a0;,,,,0,,,0,,,,1,0,0,,,0,1,0,0,0,0,0,,,,https://www.fileformat.info/info/unicode/char/00E2/index.htm,Alt+25A0; Alt+254
﹣,,Small Hyphen; Small Minus Sign,,,,,,,,1,65123,,,,0xEF 0xB9 0xA3 ,0xEF,1,0xB9,1,0xA3,1,,0,3,,,0xEF;0xB9;0xA3,1,,0,,,,,,0,,,,0,,,,,,,,&#65123;,&#xFE63;,,,,0,,,0,1,,,1,,,,,0,1,0,0,0,0,0,,,,,
xxx,,zero width non-breaking space,,,,,,,,1,65279,,U+FEFF,,0xEF 0xBB 0xBF,"	0xEF",0,0xBB ,0,0xBF ,0,,0,3,,,,0,,0,,,,,,0,,,,0,,,,,,,1,&#65279;,&#xfeff;,,0,0,0,0,,0,0,,0,0,,,,0,0,1,0,0,0,0,0,,,,https://www.fileformat.info/info/unicode/char/feff/index.htm,
－,,Full width Hyphen; Full width Minus Sign,,,,,,,,1,65293,,,,0xEF 0xBC 0x8D ,0xEF,1,0xBC,1,0x8D,0,,0,3,,,0xEF;0xBC,1,,0,,,,,,0,,,,0,,,,,,,,&#65293;,&#xFF0D;,,,,0,,,0,1,,,1,,,,,0,1,0,0,0,0,0,,,,,
￠,,FULLWIDTH CENT SIGN,,,,,,,,1,65504,,,,   ,,0,,0,,0,,0,3,,,,0,,0,,,,,,0,,,,0,,,,,,,,,,,,,,,,,,,,1,,,,,0,1,0,0,0,0,0,,,,,
,,,,,,,,,,0,65535,,U+FFFF,,,,0,,0,,0,,0,,,,,0,,,,,,,,1,,129,,0,,,,,,,,,,,,,,,,,,,,,,,,,0,0,,0,,,,,,,https://www.fileformat.info/info/unicode/char/ffff/index.htm,
,,,,,,,,,,1,133282,208A2,U+208A2,,0xF0 0xA0 0xA2 0xA2,0xF0,0,0xA0,1,0xA2,1,0xA2,1,4,,,;0xA0;0xA2;0xA2,1,,0,,,,,,0,,,,0,,,,,,,,,,,,,0,,,0,0,,,0,1,0,1,,0,1,0,0,0,0,0,,,,http://www.fileformat.info/info/unicode/char/208a2/index.htm,
,,,,,,,,,,1,139554,22122,U+22122,,0xF0 0xA2 0x84 0xA2,0xF0,0,0xA2,1,0x84,0,0xA2,1,4,,,;0xA2;0xA2,1,,0,,,,,,0,,,,0,,,,,,,,,,,,,0,,,0,0,,,0,1,0,1,,0,1,0,0,0,0,0,,,,http://www.fileformat.info/info/unicode/char/22122/index.htm,
,,,,,,,,,,,,,,,,,0,,0,,0,,0,,,,,0,,,,,,,,1,,141,,0,,,,,,,,,,,,,,,,,,,,,,,,,,,,,,,,,,,,
,,,,,,,,,,,,,,,,,0,,0,,0,,0,,,,,0,,,,,,,,1,,143,,0,,,,,,,,,,,,,,,,,,,,,,,,,,,,,,,,,,,,
,,,,,,,,,,,,,,,,,0,,0,,0,,0,,,,,0,,,,,,,,1,,144,,0,,,,,,,,,,,,,,,,,,,,,,,,,,,,,,,,,,,,
,,,,,,,,,,,,,,,,,0,,0,,0,,0,,,,,0,,,,,,,,1,,157,,0,,,,,,,,,,,,,,,,,,,,,,,,,,,,,,,,,,,,
,,,,,,,,,,,,,,,,,0,,0,,0,,0,,,,,0,,,,,,,,,,,,0,,,,,,,,,,,,,,,,,,,,,,,,,,,,,,,,,,,,
,,,,,,,,,,,,,,,,,0,,0,,0,,0,,,,,0,,,,,,,,,,,,0,,,,,,,,,,,,,,,,,,,,,,,,,,,,,,,,,,,,
,,,,,,,,,,,,,,,,,0,,0,,0,,0,,,,,0,,,,,,,,,,,,0,,,,,,,,,,,,,,,,,,,,,,,,,,,,,,,,,,,,
,,,,,,,,,,,,,,,,,0,,0,,0,,0,,,,,0,,,,,,,,,,,,0,,,,,,,,,,,,,,,,,,,,,,,,,,,,,,,,,,,,
,,,,,,,,,,,,,,,,,0,,0,,0,,0,,,,,0,,,,,,,,,,,,0,,,,,,,,,,,,,,,,,,,,,,,,,,,,,,,,,,,,
,,,,,,,,,,,,,,,,,0,,0,,0,,0,,,,,0,,,,,,,,,,,,0,,,,,,,,,,,,,,,,,,,,,,,,,,,,,,,,,,,,
,,,,,,,,,,,,,,,,,0,,0,,0,,0,,,,,0,,,,,,,,,,,,0,,,,,,,,,,,,,,,,,,,,,,,,,,,,,,,,,,,,
,,,,,,,,,,,,,,,,,0,,0,,0,,0,,,,,0,,,,,,,,,,,,0,,,,,,,,,,,,,,,,,,,,,,,,,,,,,,,,,,,,
,,,,,,,,,,,,,,,,,0,,0,,0,,0,,,,,0,,,,,,,,,,,,0,,,,,,,,,,,,,,,,,,,,,,,,,,,,,,,,,,,,
,,,,,,,,,,,,,,,,,0,,0,,0,,0,,,,,0,,,,,,,,,,,,0,,,,,,,,,,,,,,,,,,,,,,,,,,,,,,,,,,,,
,,,,,,,,,,,,,,,,,0,,0,,0,,0,,,,,0,,,,,,,,,,,,0,,,,,,,,,,,,,,,,,,,,,,,,,,,,,,,,,,,,
,,,,,,,,,,,,,,,,,0,,0,,0,,0,,,,,0,,,,,,,,,,,,0,,,,,,,,,,,,,,,,,,,,,,,,,,,,,,,,,,,,
,,,,,,,,,,,,,,,,,0,,0,,0,,0,,,,,0,,,,,,,,,,,,0,,,,,,,,,,,,,,,,,,,,,,,,,,,,,,,,,,,,
,,,,,,,,,,,,,,,,,0,,0,,0,,0,,,,,0,,,,,,,,,,,,0,,,,,,,,,,,,,,,,,,,,,,,,,,,,,,,,,,,,
,,,,,,,,,,,,,,,,,0,,0,,0,,0,,,,,0,,,,,,,,,,,,0,,,,,,,,,,,,,,,,,,,,,,,,,,,,,,,,,,,,
,,,,,,,,,,,,,,,,,0,,0,,0,,0,,,,,0,,,,,,,,,,,,0,,,,,,,,,,,,,,,,,,,,,,,,,,,,,,,,,,,,
,,,,,,,,,,,,,,,,,0,,0,,0,,0,,,,,0,,,,,,,,,,,,0,,,,,,,,,,,,,,,,,,,,,,,,,,,,,,,,,,,,
,,,,,,,,,,,,,,,,,0,,0,,0,,0,,,,,0,,,,,,,,,,,,0,,,,,,,,,,,,,,,,,,,,,,,,,,,,,,,,,,,,
,,,,,,,,,,,,,,,,,0,,0,,0,,0,,,,,0,,,,,,,,,,,,0,,,,,,,,,,,,,,,,,,,,,,,,,,,,,,,,,,,,
,,,,,,,,,,,,,,,,,0,,0,,0,,0,,,,,0,,,,,,,,,,,,0,,,,,,,,,,,,,,,,,,,,,,,,,,,,,,,,,,,,
,,,,,,,,,,,,,,,,,0,,0,,0,,0,,,,,0,,,,,,,,,,,,0,,,,,,,,,,,,,,,,,,,,,,,,,,,,,,,,,,,,
,,,,,,,,,,,,,,,,,0,,0,,0,,0,,,,,0,,,,,,,,,,,,0,,,,,,,,,,,,,,,,,,,,,,,,,,,,,,,,,,,,
,,,,,,,,,,,,,,,,,0,,0,,0,,0,,,,,0,,,,,,,,,,,,0,,,,,,,,,,,,,,,,,,,,,,,,,,,,,,,,,,,,
,,,,,,,,,,,,,,,,,0,,0,,0,,0,,,,,0,,,,,,,,,,,,0,,,,,,,,,,,,,,,,,,,,,,,,,,,,,,,,,,,,
xxx,NL,,\025,,,,,,,,,,,,,,0,,0,,0,,0,,,,,0,,0,,,,,,0,,,,0,,,,1,21,15,,,,,,,,,,0,,,,0,1,,,,,0,0,0,0,0,0,,,,,
,,,,,,,,,,,,,,,,,0,,0,,0,,0,,,,,0,,,,,,,,,,,,,,,,,,,,,,,,,,,,,,,,,,,,,,0,0,0,0,0,0,,,,,
,,,,,,,,,,,,,,,,,,,,,,,,,,,,,,,,,,,,,,,,,,,,,,,,,,,,,,,,,,,,,,,,,,,,,,,,,,,,
,,,,,,,,,,,,,,,,,,,,,,,,,,,,,,,,,,,,,,,,,,,,,,,,,,,,,,,,,,,,,,,,,,,,,,,,,,,,
ⓘ,,Circled Latin Small Letter I,,,,,,,,,,,,,,,,,,,,,,,,,,,,,,,,,,,,,,,,,,,,,,,,,,,,,,,,,,,,,,,,,,,,,,,,https://www.compart.com/en/unicode/U+24D8,,
